gpr_mean,true_y,gpr_lwr,gpr_upr,year,country
0.5823350976786444,0.0,-0.897219936450291,2.06189013180758,1983,USA
0.6025204919295079,1.0,-0.8637795869662265,2.0688205708252423,1984,USA
0.6902500512531954,1.0,-0.7657166019991885,2.146216704505579,1985,USA
0.6496266446814843,0.0,-0.7969700479423502,2.096223337305319,1986,USA
0.7166621139403662,1.0,-0.7248808601275432,2.1582050880082755,1987,USA
0.6526343062213249,1.0,-0.7842816669696091,2.0895502794122587,1988,USA
0.6989545005414481,0.0,-0.7329785135601137,2.13088751464301,1989,USA
0.6151783982663681,1.0,-0.8116322172200379,2.041989013752774,1990,USA
0.6424560339030395,1.0,-0.7809972434774378,2.0659093112835167,1991,USA
1.6494856681768506,1.0,0.21924903668188112,3.07972229967182,1992,USA
0.901455272768772,1.0,-0.529050822409116,2.33196136794666,1993,USA
1.0073160004526343,1.0,-0.4256478407474569,2.4402798416527256,1994,USA
1.0042242810792223,1.0,-0.43285606859414294,2.4413046307525876,1995,USA
1.032492268862777,1.0,-0.408518997527078,2.4735035352526316,1996,USA
1.118077531234579,1.0,-0.328022352657767,2.5641774151269248,1997,USA
1.2701663757328325,1.0,-0.1839307381701376,2.7242634896358027,1998,USA
1.451543883568478,1.0,-0.014162595386967514,2.9172503625239234,1999,USA
1.592543523092075,3.0,0.11326043685231713,3.0718266093318327,2000,USA
0.4413487369312635,1.0,-1.0397611940415024,1.9224586679040292,1983,CANADA
0.33204469554090077,0.0,-1.1404819513795603,1.8045713424613616,1984,CANADA
0.15394679368888728,0.0,-1.3124315875331547,1.620325174910929,1985,CANADA
0.06529598084163085,0.0,-1.3975270226475711,1.528118984330833,1986,CANADA
0.09441389339538403,0.0,-1.3664039651609656,1.5552317519517336,1987,CANADA
0.11075863986135409,0.0,-1.347413086670553,1.568930366393261,1988,CANADA
0.18526166442995906,0.0,-1.2708044089157693,1.6413277377756872,1989,CANADA
0.2882057220511598,0.0,-1.1666618523176615,1.743073296419981,1990,CANADA
0.3787014796043917,1.0,-1.0762463391942896,1.833649298403073,1991,CANADA
0.40919014475495247,0.0,-1.0468143018434921,1.865194591353397,1992,CANADA
0.3772942937732267,1.0,-1.0799614106779976,1.8345499982244509,1993,CANADA
0.3146165055529644,0.0,-1.143614718279402,1.7728477293853309,1994,CANADA
0.28262459964409636,0.0,-1.176444081512107,1.7416932808002998,1995,CANADA
0.3171733405269518,0.0,-1.1431577351126854,1.7775044161665887,1996,CANADA
0.40803435315154907,1.0,-1.0544280717935766,1.8704967780966748,1997,CANADA
0.5233065223324573,0.0,-0.9427939291800604,1.9894069738449751,1998,CANADA
0.6127217076527222,1.0,-0.8597802089345882,2.0852236242400326,1999,CANADA
0.6458361505025024,1.0,-0.8359870708378968,2.1276593718429018,2000,CANADA
4.652475995957833,5.0,3.1666149002794928,6.138337091636172,1983,HAITI
4.811376792091769,3.0,3.330666846010979,6.292086738172559,1984,HAITI
5.081730223679519,5.0,3.604409061181281,6.559051386177757,1985,HAITI
5.191754096942797,8.0,3.7203725289549836,6.663135664930611,1986,HAITI
5.359598459910663,5.0,3.8901680434312054,6.8290288763901215,1987,HAITI
5.429931106947514,4.0,3.9618264632963984,6.898035750598629,1988,HAITI
5.678853558227307,6.0,4.20868496301962,7.149022153434994,1989,HAITI
5.338012360950093,5.0,3.8640559041709075,6.811968817729278,1990,HAITI
6.567844975791336,8.0,5.0974089309099595,8.038281020672713,1991,HAITI
6.477923273105617,8.0,5.005857884132793,7.94998866207844,1992,HAITI
5.88429528786877,8.0,4.411080218598059,7.357510357139482,1993,HAITI
4.64041721575073,2.0,3.1677653998073962,6.113069031694065,1994,HAITI
4.119998341279343,3.0,2.6495593304353875,5.590437352123299,1995,HAITI
4.026327311074272,3.0,2.5573282616318207,5.495326360516724,1996,HAITI
4.02572955143708,5.0,2.552886184484895,5.498572918389265,1997,HAITI
4.1546199686232175,6.0,2.678538916559245,5.63070102068719,1998,HAITI
4.80072278686368,3.0,3.3201855336773978,6.281260040049963,1999,HAITI
4.761431611184731,4.0,3.2758983300615565,6.246964892307906,2000,HAITI
2.241279373503758,2.0,0.7541359318132441,3.728422815194272,1983,DOM-REP
2.009534994273574,1.0,0.5295036002146887,3.4895663883324595,1984,DOM-REP
1.8132802439024318,2.0,0.339080161588746,3.2874803262161176,1985,DOM-REP
1.7044263236723818,2.0,0.23480082716828088,3.1740518201764827,1986,DOM-REP
1.7491045421461104,0.0,0.28370036590501524,3.2145087183872056,1987,DOM-REP
2.018314931341136,1.0,0.5570796346889868,3.4795502279932853,1988,DOM-REP
2.4604020713731263,3.0,1.0027892005906571,3.9180149421555956,1989,DOM-REP
2.987598561513307,3.0,1.5325100514231789,4.4426870716034355,1990,DOM-REP
3.4324675769268884,4.0,1.9784893789322535,4.8864457749215235,1991,DOM-REP
3.709622903907637,3.0,2.255350072335208,5.163895735480066,1992,DOM-REP
3.841551173184513,6.0,2.3856924501086056,5.297409896260421,1993,DOM-REP
4.61278200347111,4.0,3.1512414904594666,6.074322516482753,1994,DOM-REP
4.605390837421909,4.0,3.1415990732085346,6.069182601635283,1995,DOM-REP
4.0215548193953286,4.0,2.55474859939916,5.488361039391497,1996,DOM-REP
4.137595804315974,6.0,2.6657568551286692,5.609434753503279,1997,DOM-REP
4.042991342120539,4.0,2.567656798052946,5.518325886188132,1998,DOM-REP
3.891819745833644,4.0,2.410920068202982,5.372719423464306,1999,DOM-REP
3.7286707114921214,4.0,2.240419169557592,5.216922253426651,2000,DOM-REP
1.9561254445749474,2.0,0.4768191782261675,3.4354317109237273,1983,JAMAICA
1.9567801147996284,2.0,0.4819931745720578,3.431567055027199,1984,JAMAICA
1.8220018737058714,1.0,0.35025907499752584,3.293744672414217,1985,JAMAICA
1.7272993737920181,3.0,0.25651243327287765,3.1980863143111584,1986,JAMAICA
1.7226297703827873,1.0,0.25584341867483373,3.1894161220907407,1987,JAMAICA
1.7832308788050764,1.0,0.3222824974341161,3.2441792601760366,1988,JAMAICA
1.9960909809022627,2.0,0.5414691683159183,3.450712793488607,1989,JAMAICA
2.2706022298842257,2.0,0.8226546723410824,3.718549787427369,1990,JAMAICA
2.6142312235518173,3.0,1.1709456916088579,4.057516755494777,1991,JAMAICA
2.817837465915742,4.0,1.3746740687495935,4.2610008630818905,1992,JAMAICA
2.810412031856941,3.0,1.362898931239072,4.25792513247481,1993,JAMAICA
2.6825040736689734,3.0,1.226789100569482,4.138219046768465,1994,JAMAICA
2.3461461818631895,2.0,0.8852760276576197,3.8070163360687594,1995,JAMAICA
2.083267297768818,2.0,0.6160491602590517,3.550485435278584,1996,JAMAICA
1.9485020406507942,2.0,0.47837060516466434,3.4186334761369244,1997,JAMAICA
1.8375715964654011,2.0,0.36644819058115297,3.3086950023496495,1998,JAMAICA
1.8040238535892161,1.0,0.33098089776747885,3.2770668094109534,1999,JAMAICA
1.8373236833646724,2.0,0.3583418008946049,3.31630556583474,2000,JAMAICA
0.5977393106091765,0.0,-0.8847984242551116,2.0802770454734647,1983,TRIN&TOB
0.5217300638196083,1.0,-0.9517897762825727,1.9952499039217892,1984,TRIN&TOB
0.5375077038282754,0.0,-0.928802950933622,2.0038183585901725,1985,TRIN&TOB
0.7022857811202625,0.0,-0.7589736961798428,2.163545258420368,1986,TRIN&TOB
1.0283829455250646,1.0,-0.4297958717844341,2.4865617628345635,1987,TRIN&TOB
1.446271476379045,1.0,-0.010109807017993466,2.9026527597760836,1988,TRIN&TOB
1.8392427089182042,3.0,0.38463517731762864,3.29385024051878,1989,TRIN&TOB
2.115693695853155,3.0,0.6635309041762656,3.5678564875300443,1990,TRIN&TOB
2.2440070119320166,2.0,0.7939771896402827,3.69403683422375,1991,TRIN&TOB
2.2299081466576824,2.0,0.7800415870903807,3.6797747062249844,1992,TRIN&TOB
2.059298708164932,3.0,0.607396081956207,3.5112013343736574,1993,TRIN&TOB
1.7849561368235782,3.0,0.32814941563331357,3.2417628580138427,1994,TRIN&TOB
1.2936414154980078,1.0,-0.16285405556531352,2.750136886561329,1995,TRIN&TOB
0.8854668024264859,0.0,-0.5729272727662112,2.343860877619183,1996,TRIN&TOB
0.6225048640302171,0.0,-0.8393573515964814,2.0843670796569156,1997,TRIN&TOB
0.5995920655273397,1.0,-0.8673320908556152,2.0665162219102946,1998,TRIN&TOB
0.6725030877095852,0.0,-0.8013094960749954,2.1463156714941656,1999,TRIN&TOB
0.8105758392156204,1.0,-0.6719900798197509,2.2931417582509916,2000,TRIN&TOB
6.4675473999397175,7.0,4.991346636496424,7.943748163383011,1983,MEXICO
6.348114460834168,7.0,4.883250257256382,7.812978664411954,1984,MEXICO
6.241767589503597,5.0,4.784483757459931,7.699051421547264,1985,MEXICO
6.30235294501391,7.0,4.847898288118537,7.756807601909283,1986,MEXICO
6.411646728153122,5.0,4.964354080832847,7.858939375473397,1987,MEXICO
6.531827942138776,7.0,5.091391938862802,7.972263945414749,1988,MEXICO
6.545397357432209,8.0,5.109945431368143,7.9808492834962745,1989,MEXICO
6.415809183043648,7.0,4.981878781265766,7.84973958482153,1990,MEXICO
6.290394397889213,5.0,4.854101881287795,7.726686914490632,1991,MEXICO
6.11526358921227,5.0,4.679942076402284,7.550585102022255,1992,MEXICO
6.1188006582735035,7.0,4.682782059274619,7.554819257272388,1993,MEXICO
6.231154489488459,6.0,4.793406146686146,7.6689028322907715,1994,MEXICO
6.269306541751188,7.0,4.827073116387851,7.7115399671145255,1995,MEXICO
6.22924843751855,6.0,4.780501991681996,7.677994883355105,1996,MEXICO
5.522624331188482,5.0,4.0688237359399855,6.976424926436979,1997,MEXICO
5.542850426447741,5.0,4.0843525627836295,7.001348290111852,1998,MEXICO
5.631862176129324,6.0,4.165919978154047,7.0978043741046015,1999,MEXICO
5.733280697530142,6.0,4.256329012156988,7.210232382903295,2000,MEXICO
7.2304364115089985,8.0,5.764554024268244,8.696318798749754,1983,GUATEMA
7.228493808959305,8.0,5.766645611336781,8.69034200658183,1984,GUATEMA
6.434972046163102,8.0,4.972170521774685,7.897773570551519,1985,GUATEMA
6.3161821141504735,4.0,4.847691203718808,7.784673024582139,1986,GUATEMA
6.187337512071427,7.0,4.722517154441738,7.652157869701116,1987,GUATEMA
6.053548935386346,6.0,4.597468523410332,7.5096293473623605,1988,GUATEMA
6.016735989167865,7.0,4.566606312224502,7.466865666111227,1989,GUATEMA
5.908320374622715,6.0,4.45443383641319,7.36220691283224,1990,GUATEMA
5.605204886307632,6.0,4.144398043632583,7.066011728982682,1991,GUATEMA
5.759493128394661,4.0,4.297457128751928,7.221529128037394,1992,GUATEMA
5.615752455616401,6.0,4.1586101022499715,7.072894808982831,1993,GUATEMA
5.430471316792455,6.0,3.9755207519209215,6.885421881663989,1994,GUATEMA
5.185676270113505,5.0,3.7224093094405633,6.648943230786447,1995,GUATEMA
4.443098055048502,4.0,2.9725705994539147,5.913625510643088,1996,GUATEMA
4.413188143531159,3.0,2.9405829517178153,5.885793335344504,1997,GUATEMA
4.52058133968178,4.0,3.053902892815825,5.987259786547735,1998,GUATEMA
4.719689150884079,6.0,3.259253362076385,6.1801249396917735,1999,GUATEMA
4.929027810435932,4.0,3.4657897338748507,6.392265886997014,2000,GUATEMA
3.13800802406308,4.0,1.6484069785758384,4.627609069550322,1983,HONDURAS
3.125558353614054,3.0,1.6426620360046107,4.608454671223497,1984,HONDURAS
3.8349171138424456,3.0,2.3588904506991355,5.310943776985756,1985,HONDURAS
3.9713478770501247,4.0,2.500519780057541,5.4421759740427085,1986,HONDURAS
4.132712200396776,5.0,2.666324607549849,5.599099793243703,1987,HONDURAS
4.297617774809743,4.0,2.8345043508283285,5.760731198791158,1988,HONDURAS
3.550642026851628,5.0,2.092174577307583,5.009109476395673,1989,HONDURAS
3.457028424625366,3.0,2.0024781429707073,4.911578706280025,1990,HONDURAS
3.2093218705988265,3.0,1.7582644901488536,4.660379251048799,1991,HONDURAS
2.8721911531582616,3.0,1.4223238746851943,4.322058431631329,1992,HONDURAS
2.627161060469843,3.0,1.1744702152686501,4.079851905671036,1993,HONDURAS
2.543721394083958,2.0,1.0865330646437203,4.000909723524195,1994,HONDURAS
2.5130403723860804,2.0,1.0503491707632873,3.9757315740088734,1995,HONDURAS
2.5840455596890712,2.0,1.1150826584873783,4.053008460890764,1996,HONDURAS
3.075088349733153,3.0,1.6003217537700336,4.549854945696273,1997,HONDURAS
3.0873447756561254,5.0,1.6086515258274598,4.566038025484791,1998,HONDURAS
3.0199659098372003,2.0,1.536429550078846,4.503502269595554,1999,HONDURAS
2.9837811392831655,2.0,1.4938356292317987,4.473726649334532,2000,HONDURAS
6.606435395855652,8.0,5.128030338820663,8.08484045289064,1983,EL-SALVA
6.156108578579234,7.0,4.692776642852739,7.619440514305729,1984,EL-SALVA
6.172927480143755,7.0,4.725906325320247,7.619948634967262,1985,EL-SALVA
6.254996578721068,5.0,4.819926112303126,7.69006704513901,1986,EL-SALVA
6.3981553163784195,7.0,4.971311682222661,7.824998950534178,1987,EL-SALVA
6.357780695487309,8.0,4.932468108442169,7.783093282532448,1988,EL-SALVA
6.035722014996765,7.0,4.607679100238516,7.463764929755015,1989,EL-SALVA
5.364508290368723,7.0,3.9324324631774674,6.796584117559978,1990,EL-SALVA
4.423759737773256,3.0,2.9889732516069056,5.858546223939607,1991,EL-SALVA
3.5692044582854923,3.0,2.131984491527022,5.006424425043963,1992,EL-SALVA
2.3099313253911973,2.0,0.8713990731923542,3.7484635775900403,1993,EL-SALVA
2.0942173771570696,0.0,0.6546962883801806,3.5337384659339586,1994,EL-SALVA
2.025728206465823,3.0,0.5890830846625443,3.462373328269102,1995,EL-SALVA
2.286580334308602,1.0,0.848247349124841,3.724913319492363,1996,EL-SALVA
2.3561130281911233,2.0,0.9130068205146311,3.7992192358676156,1997,EL-SALVA
2.4322498983662664,3.0,0.97922642915264,3.8852733675798925,1998,EL-SALVA
2.4832039790118214,2.0,1.0181977164626395,3.9482102415610036,1999,EL-SALVA
2.6449061934459546,1.0,1.1666300956112805,4.123182291280629,2000,EL-SALVA
5.811354507884728,5.0,4.337848403316178,7.2848606124532775,1983,NICARAG
6.0050731375177175,8.0,4.547551938555523,7.462594336479912,1984,NICARAG
6.0856070022335444,7.0,4.642926736692374,7.528287267774715,1985,NICARAG
6.121300229172695,5.0,4.6874105180573915,7.555189940287998,1986,NICARAG
5.988569233911745,6.0,4.557832864726282,7.419305603097208,1987,NICARAG
5.907767070651577,7.0,4.471468205867045,7.344065935436109,1988,NICARAG
5.803583711263088,6.0,4.356196430158029,7.250970992368147,1989,NICARAG
4.82737243765082,5.0,3.3722988196339565,6.282446055667684,1990,NICARAG
3.857423781262184,4.0,2.3976323913693256,5.317215171155043,1991,NICARAG
3.536747310934753,3.0,2.078074829689106,4.9954197921804,1992,NICARAG
3.2739504063753433,3.0,1.8200904152322435,4.727810397518443,1993,NICARAG
3.14912539509424,3.0,1.6996746195777668,4.5985761706107136,1994,NICARAG
2.9872046861019568,3.0,1.5468055920756558,4.4276037801282575,1995,NICARAG
2.962496512904643,2.0,1.5251980037873365,4.39979502202195,1996,NICARAG
3.006940125563195,3.0,1.5666626918756779,4.447217559250713,1997,NICARAG
3.0991597435572285,3.0,1.649655576828524,4.548663910285933,1998,NICARAG
3.2144865155579017,3.0,1.7521609948650654,4.6768120362507375,1999,NICARAG
3.349483512793512,3.0,1.8737269933445804,4.825240032242443,2000,NICARAG
0.568275002352556,1.0,-0.9155167209162689,2.0520667256213807,1983,COSTA-RI
0.4079920540400198,0.0,-1.069515976141259,1.8855000842212988,1984,COSTA-RI
0.26429891922943805,0.0,-1.209266465293128,1.737864303752004,1985,COSTA-RI
0.1622795172515168,0.0,-1.3083773154297964,1.63293634993283,1986,COSTA-RI
0.15284589988207786,0.0,-1.3150455605749345,1.6207373603390902,1987,COSTA-RI
0.25751826124874255,0.0,-1.2084542397736562,1.7234907622711413,1988,COSTA-RI
0.45215298740475307,0.0,-1.0132462646991827,1.917552239508689,1989,COSTA-RI
0.6809542580243075,0.0,-0.784529443122,2.146437959170615,1990,COSTA-RI
0.8600923424800246,3.0,-0.6057546774997988,2.325939362459848,1991,COSTA-RI
0.9266774013021579,0.0,-0.540240520671208,2.393595323275524,1992,COSTA-RI
0.9822369492588303,1.0,-0.48481431516324935,2.44928821368091,1993,COSTA-RI
0.9457005295417269,1.0,-0.5209697300806719,2.4123707891641257,1994,COSTA-RI
0.9379125247728117,1.0,-0.528617459966731,2.4044425095123545,1995,COSTA-RI
0.9839322292235126,1.0,-0.48367472858992944,2.4515391870369547,1996,COSTA-RI
1.0552168854515502,1.0,-0.41451454407945776,2.5249483149825585,1997,COSTA-RI
1.1184993987419833,1.0,-0.3538799536467163,2.590878751130683,1998,COSTA-RI
1.1395148918375504,2.0,-0.33689334071104926,2.61592312438615,1999,COSTA-RI
1.110625039711183,1.0,-0.37230881958905093,2.593558899011417,2000,COSTA-RI
2.733993412719216,3.0,1.2510128068109527,4.21697401862748,1983,PANAMA
2.8199729400928337,3.0,1.345160862542095,4.294785017643573,1984,PANAMA
3.128476239240552,1.0,1.6587075367633697,4.598244941717734,1985,PANAMA
3.6172538213459777,4.0,2.149415042848304,5.085092599843652,1986,PANAMA
4.167153973201809,5.0,2.69970683488185,5.634601111521768,1987,PANAMA
4.487606000570156,7.0,3.019941564552215,5.955270436588097,1988,PANAMA
3.669694976051473,4.0,2.205018675523817,5.134371276579129,1989,PANAMA
3.3395005429923037,2.0,1.877340899677973,4.801660186306634,1990,PANAMA
2.965399026800275,4.0,1.5053608714433524,4.425437182157197,1991,PANAMA
2.658649142693364,2.0,1.1992090730336027,4.118089212353125,1992,PANAMA
2.403259973014106,2.0,0.9426504054311775,3.8638695405970345,1993,PANAMA
2.130799526247398,4.0,0.6683309063029936,3.593268146191803,1994,PANAMA
1.829270893254293,1.0,0.3653401519400896,3.2932016345684962,1995,PANAMA
1.6321835443412693,1.0,0.16719137630823622,3.0971757123743027,1996,PANAMA
1.5086111448146582,0.0,0.04224095386022353,2.974981335769093,1997,PANAMA
1.4844911940792969,2.0,0.0151443200043615,2.953838068154232,1998,PANAMA
1.629213769697805,2.0,0.15456155939024963,3.1038659800053603,1999,PANAMA
1.801579359300824,1.0,0.3189924888497577,3.2841662297518903,2000,PANAMA
7.597782949990222,8.0,6.18938404444232,9.006181855538124,1986,COLUMBIA
7.46447099530061,8.0,6.075448881383116,8.853493109218105,1987,COLUMBIA
7.390055082406068,7.0,6.003249387092239,8.776860777719897,1988,COLUMBIA
7.093382537099734,8.0,5.704456727260339,8.482308346939128,1989,COLUMBIA
6.791287935123157,6.0,5.405664645310857,8.176911224935457,1990,COLUMBIA
6.540363734241396,6.0,5.151535609289482,7.92919185919331,1991,COLUMBIA
6.511278559881951,6.0,5.104033042173194,7.918524077590709,1992,COLUMBIA
7.4202111728543585,8.0,6.067134893379569,8.773287452329148,1997,COLUMBIA
7.434660064882378,7.0,6.099007444112701,8.770312685652055,1998,COLUMBIA
7.4003725934304,8.0,6.065292298848648,8.735452888012151,1999,COLUMBIA
7.328711674172644,7.0,5.975281710703606,8.682141637641683,2000,COLUMBIA
4.421557304861902,5.0,2.9435313127903213,5.899583296933482,1983,VENEZU
4.215144229920602,3.0,2.745168866562699,5.685119593278506,1984,VENEZU
4.126728336153563,4.0,2.6620221804547697,5.591434491852356,1985,VENEZU
4.213483238472915,4.0,2.751333598851911,5.67563287809392,1986,VENEZU
4.497150576574418,3.0,3.0346248386686514,5.959676314480184,1987,VENEZU
4.903773604987213,6.0,3.4389022511281544,6.368644958846272,1988,VENEZU
5.436512322850708,6.0,3.9686166190967165,6.904408026604701,1989,VENEZU
5.784788044431231,5.0,4.320860850137922,7.2487152387245395,1990,VENEZU
6.171087096701637,7.0,4.710733487821599,7.631440705581674,1991,VENEZU
6.365058931318928,7.0,4.904718352290426,7.82539951034743,1992,VENEZU
6.458899325100468,7.0,4.994627266821702,7.923171383379234,1993,VENEZU
6.305941739945169,7.0,4.839089391942321,7.772794087948017,1994,VENEZU
5.965284649717859,6.0,4.499311842356095,7.431257457079623,1995,VENEZU
5.52012100843658,6.0,4.056763000416668,6.983479016456492,1996,VENEZU
5.047924696359416,5.0,3.5853123324003335,6.5105370603185,1997,VENEZU
4.619329078856191,4.0,3.153180648498927,6.085477509213456,1998,VENEZU
4.493281331743251,4.0,3.022214413837914,5.964348249648588,1999,VENEZU
4.414918015002868,4.0,2.9364681626156743,5.8933678673900625,2000,VENEZU
1.8937329447920859,3.0,0.4139438329531455,3.3735220566310264,1983,GUYANA
1.7528669122783491,1.0,0.2844878429956945,3.2212459815610037,1984,GUYANA
1.6370738907715594,1.0,0.17867322900212135,3.0954745525409972,1985,GUYANA
1.6180129255429916,2.0,0.16760391081229287,3.0684219402736903,1986,GUYANA
1.67267405319343,1.0,0.2288445708196185,3.116503535567242,1987,GUYANA
1.8193748611207936,2.0,0.3814635166615332,3.257286205580054,1988,GUYANA
1.852647577855138,3.0,0.4201027538547977,3.285192401855478,1989,GUYANA
1.8296988952750546,1.0,0.40049047215223865,3.2589073183978705,1990,GUYANA
1.7778447717612902,1.0,0.349943814544744,3.2057457289778366,1991,GUYANA
1.0873796016135129,2.0,-0.3402538265654469,2.5150130297924727,1992,GUYANA
1.0967914850014673,1.0,-0.33164323760737324,2.5252262076103076,1993,GUYANA
1.1247744645967641,0.0,-0.3065656773365044,2.5561146065300324,1994,GUYANA
1.1529209288983473,2.0,-0.2834236501366332,2.5892655079333275,1995,GUYANA
1.2264076027660835,2.0,-0.2178260308247375,2.6706412363569045,1996,GUYANA
1.1990994274159377,0.0,-0.2515180765857916,2.649716931417667,1997,GUYANA
1.286561811844139,1.0,-0.1729444611747999,2.746068084863078,1998,GUYANA
1.4518136393658385,2.0,-0.017095223097934653,2.9207225018296117,1999,GUYANA
1.5424792410149357,2.0,0.06214991810609827,3.022808563923773,2000,GUYANA
3.949975995295162,3.0,2.464658413380453,5.435293577209871,1983,ECUADOR
4.158647552609434,5.0,2.6814146923918414,5.635880412827026,1984,ECUADOR
4.229630032056513,5.0,2.758543491792235,5.7007165723207915,1985,ECUADOR
4.101501959496154,5.0,2.6339250250608504,5.569078893931458,1986,ECUADOR
3.8585479288146725,4.0,2.392736419360973,5.324359438268372,1987,ECUADOR
3.690493498368683,2.0,2.226607398955183,5.1543795977821825,1988,ECUADOR
3.5925972956405086,4.0,2.1327821861726886,5.052412405108329,1989,ECUADOR
3.5980011727515855,3.0,2.1424332466547966,5.053569098848374,1990,ECUADOR
3.601424987948289,5.0,2.1485241893318694,5.054325786564709,1991,ECUADOR
3.5478533178572755,4.0,2.0946068190806733,5.001099816633878,1992,ECUADOR
3.4589469725209465,2.0,2.0024076471526477,4.915486297889245,1993,ECUADOR
3.3904941755728766,3.0,1.9294080518567789,4.851580299288974,1994,ECUADOR
3.445694741569734,4.0,1.9803656739055022,4.911023809233966,1995,ECUADOR
3.4709360811637455,4.0,2.003753898401966,4.938118263925525,1996,ECUADOR
3.427233251324824,2.0,1.9579348548335076,4.89653164781614,1997,ECUADOR
3.4352109195631155,5.0,1.9623784337261576,4.908043405400074,1998,ECUADOR
3.5281717835582014,2.0,2.048414610279213,5.00792895683719,1999,ECUADOR
3.508788392478439,4.0,2.0222223516097397,4.9953544333471385,2000,ECUADOR
6.835126991606815,8.0,5.418362332894715,8.251891650318916,1983,PERU
6.882593759712725,7.0,5.506802731605001,8.258384787820448,1984,PERU
7.060919960708663,6.0,5.723397294572913,8.398442626844414,1985,PERU
7.0965910814407,8.0,5.790835527494111,8.402346635387287,1986,PERU
7.178446672212347,8.0,5.896869788048029,8.460023556376665,1987,PERU
7.162749700851325,8.0,5.883514124698225,8.441985277004425,1988,PERU
6.944805143063261,7.0,5.648257481572159,8.241352804554364,1989,PERU
6.6400922589442,6.0,5.320445784281102,7.959738733607299,1990,PERU
6.322996798888514,7.0,4.992374420426609,7.65361917735042,1991,PERU
6.649067000563628,6.0,5.328108836583252,7.970025164544004,1992,PERU
6.39260224072742,7.0,5.094638212320753,7.690566269134088,1993,PERU
6.196858327233082,5.0,4.916550001588064,7.4771666528781005,1994,PERU
5.970952263199669,7.0,4.686384123554576,7.255520402844762,1995,PERU
5.159330766416469,4.0,3.850570800264996,6.4680907325679415,1996,PERU
5.087224742342225,4.0,3.7452816796803208,6.429167805004129,1997,PERU
5.081143969357149,6.0,3.702126561192343,6.460161377521955,1998,PERU
5.289733667161946,4.0,3.8722004924712485,6.707266841852643,1999,PERU
4.046399388776005,4.0,2.5697664300733853,5.523032347478625,1983,BRAZIL
3.969096866954346,3.0,2.5022631744301953,5.435930559478496,1984,BRAZIL
3.3407092720145113,3.0,1.8808749127519622,4.80054363127706,1985,BRAZIL
3.486365966052473,4.0,2.029315697563317,4.943416234541629,1986,BRAZIL
3.7090646304008357,3.0,2.2550350783013524,5.163094182500319,1987,BRAZIL
4.013383886060694,4.0,2.56384778212226,5.462919989999129,1988,BRAZIL
4.284827903726421,5.0,2.840032503026488,5.729623304426354,1989,BRAZIL
4.4297686313402895,4.0,2.987383044503784,5.872154218176795,1990,BRAZIL
4.421058736666586,5.0,2.9793693532900534,5.862748120043118,1991,BRAZIL
4.801806361494303,5.0,3.3605013448543013,6.243111378134305,1992,BRAZIL
4.731506557192798,4.0,3.288886268466314,6.174126845919282,1993,BRAZIL
4.714518409433924,6.0,3.2691505312030293,6.159886287664818,1994,BRAZIL
4.67760033302254,4.0,3.2282576765470785,6.126942989498001,1995,BRAZIL
4.708228615398606,4.0,3.254458306930803,6.161998923866409,1996,BRAZIL
4.7945646936426,6.0,3.3380093280252625,6.251120059259937,1997,BRAZIL
4.900248668611063,4.0,3.441739823536076,6.35875751368605,1998,BRAZIL
4.9621914140321435,6.0,3.4986916413119715,6.425691186752315,1999,BRAZIL
4.942944996686203,5.0,3.4692870774971736,6.416602915875232,2000,BRAZIL
2.887028303852172,3.0,1.4032214822345672,4.370835125469776,1983,BOLIVIA
2.901675315258583,4.0,1.4262362763689025,4.377114354148263,1984,BOLIVIA
2.7848342393200487,3.0,1.317493579114564,4.252174899525533,1985,BOLIVIA
2.5721142125302032,2.0,1.1112531918224209,4.032975233237986,1986,BOLIVIA
2.3252987756212633,3.0,0.8686390659741139,3.7819584852684125,1987,BOLIVIA
2.120977538163022,1.0,0.6681385954498142,3.57381648087623,1988,BOLIVIA
1.9959446614864005,3.0,0.5486706756808606,3.4432186472919404,1989,BOLIVIA
2.0147837942094173,1.0,0.5717052936948921,3.4578622947239426,1990,BOLIVIA
1.9743702787019985,2.0,0.5374121698688514,3.4113283875351454,1991,BOLIVIA
2.017620253271898,2.0,0.5807059489069148,3.4545345576368813,1992,BOLIVIA
2.0340277667338893,2.0,0.5930239365335652,3.4750315969342136,1993,BOLIVIA
2.085967211981266,3.0,0.6379734499376568,3.5339609740248754,1994,BOLIVIA
2.0926849681344892,1.0,0.6391510266459188,3.5462189096230596,1995,BOLIVIA
2.0880923915915854,1.0,0.6292691278575153,3.5469156553256553,1996,BOLIVIA
2.232735369385995,4.0,0.7703095422800776,3.695161196491912,1997,BOLIVIA
2.2896670832835944,1.0,0.8203269063134064,3.7590072602537825,1998,BOLIVIA
2.296513288115803,4.0,0.8171698228309232,3.7758567534006824,1999,BOLIVIA
2.296501195790072,1.0,0.8106755973299349,3.782326794250209,2000,BOLIVIA
4.0966576244356805,5.0,2.616236960153193,5.577078288718168,1983,PARAGUAY
4.19648868251225,4.0,2.7259953806083326,5.666981984416167,1984,PARAGUAY
3.9561847012029427,5.0,2.497572120590263,5.4147972818156225,1985,PARAGUAY
3.598457689266287,5.0,2.1456489819077724,5.0512663966248015,1986,PARAGUAY
3.1815830763164032,2.0,1.7292114393133227,4.633954713319484,1987,PARAGUAY
2.8589776765798893,1.0,1.4029441793620778,4.315011173797701,1988,PARAGUAY
2.69667867161087,4.0,1.2351874670905296,4.15816987613121,1989,PARAGUAY
2.714124813038692,3.0,1.2474677999627612,4.180781826114623,1990,PARAGUAY
2.659922554520299,1.0,1.1910170241840634,4.128828084856535,1991,PARAGUAY
2.2726446179566677,4.0,0.8042258026984239,3.7410634332149115,1992,PARAGUAY
2.1021031278001736,1.0,0.6352715567378835,3.5689346988624635,1993,PARAGUAY
1.99217242908328,2.0,0.5289338483711818,3.4554110097953785,1994,PARAGUAY
2.048506539719778,1.0,0.5902044706774585,3.506808608762097,1995,PARAGUAY
2.3112158600144834,1.0,0.8568241102385525,3.7656076097904143,1996,PARAGUAY
2.745691758862873,4.0,1.2911221265634896,4.200261391162256,1997,PARAGUAY
3.0312302238791524,3.0,1.5721067213770767,4.490353726381228,1998,PARAGUAY
3.2870873131888088,4.0,1.8182980441366814,4.755876582240936,1999,PARAGUAY
3.262216753569075,3.0,1.7818905196550006,4.74254298748315,2000,PARAGUAY
5.527263959827624,7.0,4.047218433385836,7.0073094862694125,1983,CHILE
5.397309941461442,5.0,3.923131565795471,6.8714883171274135,1984,CHILE
5.274825111031066,5.0,3.8013690388167225,6.7482811832454095,1985,CHILE
5.217368731366524,6.0,3.741391139115872,6.693346323617177,1986,CHILE
5.0643243386910655,4.0,3.5857746308857537,6.542874046496378,1987,CHILE
5.113197356452975,6.0,3.632610460345101,6.59378425256085,1988,CHILE
4.293399462011225,5.0,2.8169783039272875,5.769820620095162,1989,CHILE
4.189857637114264,3.0,2.718396616306166,5.661318657922363,1990,CHILE
4.063769661895147,4.0,2.5953702169331674,5.532169106857127,1991,CHILE
3.923243802154164,5.0,2.4546466704631937,5.391840933845134,1992,CHILE
3.810629928340699,3.0,2.3388323174899264,5.282427539191472,1993,CHILE
3.7663545352015437,4.0,2.290042992477108,5.242666077925979,1994,CHILE
3.873221244285566,3.0,2.3946004882580514,5.351842000313081,1995,CHILE
3.986859300180327,3.0,2.5094908924138513,5.464227707946803,1996,CHILE
4.053318983645628,6.0,2.5782506042091766,5.5283873630820795,1997,CHILE
3.9888363690946798,4.0,2.515232558460867,5.4624401797284925,1998,CHILE
3.814494322982749,4.0,2.340043029953707,5.288945616011791,1999,CHILE
3.6273629114008736,2.0,2.14822186687529,5.106503955926457,2000,CHILE
1.7405253050961922,2.0,0.25073292802795266,3.230317682164432,1983,ARGENTIN
1.4574198042093305,1.0,-0.02659150222029316,2.941431110638954,1984,ARGENTIN
1.3594296402405122,0.0,-0.12239258184958013,2.8412518623306044,1985,ARGENTIN
1.7798651159600405,2.0,0.2996361346952334,3.2600940972248473,1986,ARGENTIN
2.0715737743075304,2.0,0.5919810179312561,3.5511665306838047,1987,ARGENTIN
2.2377072128558684,1.0,0.7620687812815294,3.7133456444302073,1988,ARGENTIN
2.444076565316167,4.0,0.9723279705200691,3.915825160112265,1989,ARGENTIN
2.6157785915353378,2.0,1.1476036608493683,4.083953522221307,1990,ARGENTIN
2.5484981998527827,2.0,1.0853450410208092,4.011651358684756,1991,ARGENTIN
2.4887703471665388,3.0,1.0249361911718196,3.952604503161258,1992,ARGENTIN
2.463367749126088,3.0,0.9948978287983783,3.931837669453798,1993,ARGENTIN
2.613522551849485,1.0,1.1399450882042683,4.087100015494702,1994,ARGENTIN
2.8927170386350287,3.0,1.4168444092981864,4.368589667971871,1995,ARGENTIN
3.2388820923737214,3.0,1.7608018061146447,4.7169623786327985,1996,ARGENTIN
3.728815143200883,5.0,2.250356613464236,5.20727367293753,1997,ARGENTIN
4.0544740132373285,4.0,2.5739072909438816,5.535040735530775,1998,ARGENTIN
4.125827195841268,5.0,2.64125082741924,5.6104035642632955,1999,ARGENTIN
4.090151958754246,5.0,2.601607830155201,5.578696087353292,2000,ARGENTIN
2.1539978119681344,4.0,0.671883090290706,3.636112533645563,1983,URUGUAY
1.9207166041750476,1.0,0.4430384048975351,3.39839480345256,1984,URUGUAY
0.9856722872257797,0.0,-0.4903652561203775,2.461709830571937,1985,URUGUAY
0.878875049016411,1.0,-0.5976874502319651,2.355437548264787,1986,URUGUAY
0.9784886534472215,1.0,-0.49577197770317727,2.45274928459762,1987,URUGUAY
1.092406167753427,1.0,-0.37540823962263303,2.560220575129487,1988,URUGUAY
1.1970450253687515,1.0,-0.26405312460563235,2.6581431753431355,1989,URUGUAY
1.2476496795424101,2.0,-0.2100141103544635,2.7053134694392837,1990,URUGUAY
1.248668196894362,1.0,-0.2088727297109152,2.7062091234996393,1991,URUGUAY
1.2559340261417218,1.0,-0.2022724024570628,2.714140454740506,1992,URUGUAY
1.3394794968544417,1.0,-0.11973637469616216,2.7986953684050455,1993,URUGUAY
1.539054798082028,2.0,0.07530548850599916,3.002804107658057,1994,URUGUAY
1.6295165771800484,1.0,0.16093284411770514,3.0981003102423914,1995,URUGUAY
1.7220771955558218,3.0,0.24837818443809834,3.1957762066735453,1996,URUGUAY
1.5945676459026248,2.0,0.11896040200130686,3.0701748898039427,1997,URUGUAY
1.2806158013563886,1.0,-0.19529306422336545,2.7565246669361425,1998,URUGUAY
1.0790587506583569,1.0,-0.3975605180787889,2.5556780193955024,1999,URUGUAY
0.8462478193194144,0.0,-0.6355512209675814,2.32804685960641,2000,URUGUAY
1.4963708012707426,1.0,0.015574507787928127,2.977167094753557,1983,UN-KING
1.3499934850419613,3.0,-0.12249413756527261,2.822481107649195,1984,UN-KING
1.220151283993876,0.0,-0.2471411835606645,2.6874437515484164,1985,UN-KING
1.0012562041359296,2.0,-0.4645183338730572,2.4670307421449165,1986,UN-KING
0.8210211588560171,0.0,-0.644824137905324,2.2868664556173584,1987,UN-KING
0.9523233765490086,0.0,-0.5093186657673704,2.4139654188653874,1988,UN-KING
1.262821553989545,0.0,-0.1942923436619508,2.719935451641041,1989,UN-KING
1.4660399099742318,4.0,0.012695854289140662,2.919383965659323,1990,UN-KING
1.6700109554481144,2.0,0.21945349085161503,3.1205684200446138,1991,UN-KING
1.5941328193220987,1.0,0.1431455007498088,3.0451201378943886,1992,UN-KING
1.4901899682855622,1.0,0.03613512893578208,2.944244807635342,1993,UN-KING
1.4498207123470293,2.0,-0.007761110722636966,2.9074025354166952,1994,UN-KING
1.397069470034367,1.0,-0.06417484839177612,2.85831378846051,1995,UN-KING
1.3759244699234376,2.0,-0.08789805075487189,2.839746990601747,1996,UN-KING
1.3629791204272366,1.0,-0.1020886823888465,2.8280469232433196,1997,UN-KING
1.3508380588663211,1.0,-0.11577617299946086,2.817452290732103,1998,UN-KING
1.3386309096572855,2.0,-0.13274569674340087,2.810007516057972,1999,UN-KING
1.3231997818046946,1.0,-0.15728752199565887,2.803687085605048,2000,UN-KING
0.6303296536376672,1.0,-0.8500228595308814,2.1106821668062157,1983,IRELAND
0.5558420670353611,1.0,-0.9149055867545791,2.026589720825301,1984,IRELAND
0.4947525335091185,0.0,-0.9715574447927484,1.9610625118109855,1985,IRELAND
0.4168551140993858,1.0,-1.0481695029170126,1.8818797311157844,1986,IRELAND
0.32998706361918295,0.0,-1.1345708407170507,1.7945449679554168,1987,IRELAND
0.248152663752682,0.0,-1.215597014370351,1.711902341875715,1988,IRELAND
0.16868900055454653,1.0,-1.2937125259833182,1.6310905270924112,1989,IRELAND
0.48553356903313455,0.0,-0.9742381675027045,1.9453053055689737,1990,IRELAND
0.43012134660441353,0.0,-1.0270380390600122,1.8872807322688394,1991,IRELAND
0.3927560425842813,1.0,-1.0633447462240273,1.84885683139259,1992,IRELAND
0.37910542120577606,0.0,-1.0778731452196761,1.8360839876312283,1993,IRELAND
0.3760987274102451,0.0,-1.0828286511122132,1.8350261059327035,1994,IRELAND
0.3737416641962473,1.0,-1.0872925480007702,1.8347758763932647,1995,IRELAND
0.3700730783482695,0.0,-1.0927846271062152,1.8329307838027542,1996,IRELAND
0.3487816527720587,0.0,-1.1155264243347824,1.8130897298788997,1997,IRELAND
0.37799054362638396,1.0,-1.0890375095794018,1.8450185968321697,1998,IRELAND
0.2773151555067994,0.0,-1.1942050519222636,1.7488353629358624,1999,IRELAND
0.30942579416479526,0.0,-1.1708479685812874,1.789699556910878,2000,IRELAND
0.07823933695148054,0.0,-1.4019251362799978,1.5584038101829587,1983,BELGIUM
0.05406973139508739,0.0,-1.4173421669953519,1.5254816297855265,1984,BELGIUM
0.041671892054940096,0.0,-1.4232661703945522,1.5066099545044325,1985,BELGIUM
0.03775316439052559,0.0,-1.4223668653349857,1.4978731941160368,1986,BELGIUM
0.03847993689950788,0.0,-1.4179312599301608,1.4948911337291766,1987,BELGIUM
0.036989417002948,0.0,-1.4170366206415466,1.4910154546474423,1988,BELGIUM
0.03632891461619592,0.0,-1.416098509937986,1.488756339170378,1989,BELGIUM
0.03126311905924488,0.0,-1.41922398713567,1.48175022525416,1990,BELGIUM
0.023085716688613783,0.0,-1.4255592828902788,1.4717307162675064,1991,BELGIUM
0.015236198454237682,0.0,-1.4333658586113815,1.463838255519857,1992,BELGIUM
0.02936006390824701,0.0,-1.4209367713360062,1.4796568991525,1993,BELGIUM
0.0714506068481851,0.0,-1.3805251533470928,1.523426367043463,1994,BELGIUM
0.16218455032259477,0.0,-1.2910204908354643,1.6153895914806538,1995,BELGIUM
0.28575677325509036,0.0,-1.1697861336005477,1.7412996801107283,1996,BELGIUM
0.39258133888297386,1.0,-1.067458235749808,1.8526209135157559,1997,BELGIUM
0.5117161351997621,1.0,-0.9542630705136912,1.9776953409132154,1998,BELGIUM
0.5770077006810257,0.0,-0.8964226179256134,2.0504380192876646,1999,BELGIUM
0.5253476390403629,1.0,-0.9564724353900613,2.0071677134707873,2000,BELGIUM
1.4747057731371365,1.0,0.003755803023940185,2.9456557432503327,1983,FRANCE
1.5668854082885937,2.0,0.11024413334801952,3.023526683229168,1984,FRANCE
1.777561003009649,1.0,0.32978210417403786,3.2253399018452598,1985,FRANCE
2.0641494511714993,2.0,0.6201163698713672,3.5081825324716314,1986,FRANCE
2.3915157158715394,3.0,0.9485286494474243,3.8345027822956546,1987,FRANCE
2.4880729034016387,3.0,1.0467161615562361,3.9294296452470414,1988,FRANCE
1.709010746733302,3.0,0.26871775089595573,3.1493037425706483,1989,FRANCE
1.3955920630550864,1.0,-0.04360722941231532,2.834791355522488,1990,FRANCE
1.0051578871870366,0.0,-0.4342642901665592,2.4445800645406326,1991,FRANCE
1.3035864175028629,2.0,-0.13972303366759387,2.7468958686733194,1992,FRANCE
0.4225874039566051,0.0,-1.020122471025422,1.8652972789386322,1993,FRANCE
0.42552507632556147,0.0,-1.0197962889934988,1.870846441644622,1994,FRANCE
0.5671892579052514,0.0,-0.8804968043595286,2.0148753201700313,1995,FRANCE
0.8665674668303209,0.0,-0.5834147141987116,2.3165496478593535,1996,FRANCE
1.147158399559281,2.0,-0.3047856463967322,2.5991024455152942,1997,FRANCE
1.3912820200322638,2.0,-0.06343750442103846,2.846001544485566,1998,FRANCE
1.5259856561432783,2.0,0.062284160005403155,2.9896871522811534,1999,FRANCE
1.3929658859656406,1.0,-0.08083645239090864,2.8667682243221897,2000,FRANCE
0.009210494764718108,0.0,-1.4718770418682254,1.4902980313976615,1983,SWITZERL
0.001894643971995763,0.0,-1.4680304942625844,1.471819782206576,1984,SWITZERL
-0.01172131323986067,0.0,-1.4726750682223855,1.4492324417426643,1985,SWITZERL
-0.028505115461059875,0.0,-1.4823856347133564,1.4253754037912367,1986,SWITZERL
0.025416192912986545,0.0,-1.422254789211463,1.4730871750374361,1987,SWITZERL
0.01551117219756111,0.0,-1.4249871253002506,1.456009469695373,1988,SWITZERL
0.035956806484890066,0.0,-1.3986241693794386,1.4705377823492187,1989,SWITZERL
0.09654002874540377,0.0,-1.3340778015116672,1.5271578590024746,1990,SWITZERL
0.19269695273711482,0.0,-1.2366254262737324,1.6220193317479619,1991,SWITZERL
0.6707773265887739,1.0,-0.7600189689999072,2.101573622177455,1992,SWITZERL
0.6980113364884696,1.0,-0.7359435661531687,2.131966239130108,1993,SWITZERL
0.7129746832870664,1.0,-0.7274706159322323,2.153419982506365,1994,SWITZERL
0.561706392041652,0.0,-0.8823164517344978,2.005729235817802,1995,SWITZERL
0.46426355709827033,1.0,-0.9858986873284252,1.9144258015249658,1996,SWITZERL
0.3936025298665362,0.0,-1.0632078501269786,1.850412909860051,1997,SWITZERL
0.36232614440660915,0.0,-1.1017767571828916,1.8264290459961101,1998,SWITZERL
0.36320668588436794,1.0,-1.1096311745863139,1.8360445463550497,1999,SWITZERL
0.37055284793645565,0.0,-1.1127273246977045,1.853833020570616,2000,SWITZERL
2.0274813623441026,3.0,0.5439910056576038,3.5109717190306013,1983,SPAIN
1.9287881004351255,2.0,0.4516922943510817,3.4058839065191693,1984,SPAIN
1.7999846693107457,1.0,0.32533062676626723,3.274638711855224,1985,SPAIN
1.5125881543814679,3.0,0.04206474862333409,2.9831115601396014,1986,SPAIN
1.3741575911230346,0.0,-0.09598821904690813,2.8443034012929775,1987,SPAIN
1.2350037378175545,1.0,-0.23365095306469952,2.7036584286998084,1988,SPAIN
1.1880601150092747,2.0,-0.2773822889837947,2.653502519002344,1989,SPAIN
1.240009042567642,0.0,-0.22120030721385242,2.701218392349136,1990,SPAIN
1.3841813656387874,2.0,-0.07441490569244746,2.8427776369700224,1991,SPAIN
1.58970733622289,1.0,0.13024703419410155,3.0491676382516784,1992,SPAIN
1.7883039355862902,2.0,0.3249774838810491,3.2516303872915313,1993,SPAIN
1.8786087892068744,2.0,0.4108578249238335,3.3463597534899154,1994,SPAIN
1.8704688138754244,3.0,0.4007995578063661,3.3401380699444827,1995,SPAIN
1.676085062959962,2.0,0.2071435312989791,3.145026594620945,1996,SPAIN
1.4596009835335717,0.0,-0.009458646762101175,2.9286606138292446,1997,SPAIN
1.3244022019619015,1.0,-0.1474424967637018,2.796246900687505,1998,SPAIN
1.307359816766537,2.0,-0.169660493477513,2.784380127010587,1999,SPAIN
1.3665761618589367,1.0,-0.11737715108508828,2.8505294748029617,2000,SPAIN
0.29624539401488614,0.0,-1.1906627361189686,1.7831535241487408,1983,PORTUGAL
0.2243246372407769,0.0,-1.2557088124498814,1.704358086931435,1984,PORTUGAL
0.20490072376919355,0.0,-1.2694726865769845,1.6792741341153716,1985,PORTUGAL
0.24796255605643225,0.0,-1.2230137311943574,1.718938843307222,1986,PORTUGAL
0.3361650302693041,0.0,-1.1335812714214684,1.8059113319600764,1987,PORTUGAL
0.4483344181004969,1.0,-1.0212112581296653,1.917880094330659,1988,PORTUGAL
0.6422175871696878,0.0,-0.8259839291667379,2.1104191035061133,1989,PORTUGAL
0.7729848106173849,1.0,-0.6922393269753844,2.238208948210154,1990,PORTUGAL
0.9033651559976335,1.0,-0.5600359046704533,2.36676621666572,1991,PORTUGAL
1.0233704962023384,1.0,-0.44038506222141405,2.487126054626091,1992,PORTUGAL
1.1093275518897308,1.0,-0.35675074456932143,2.575405848348783,1993,PORTUGAL
1.1345570986610933,2.0,-0.3343677633542843,2.603481960676471,1994,PORTUGAL
1.1104038767215032,1.0,-0.36006498930214903,2.5808727427451554,1995,PORTUGAL
1.1432737556628614,1.0,-0.32921178990097366,2.6157593012266966,1996,PORTUGAL
1.0828615940908861,1.0,-0.38905186322260654,2.5547750514043788,1997,PORTUGAL
1.1053983457771053,1.0,-0.3697507127429822,2.5805474042971928,1998,PORTUGAL
1.117568686158387,2.0,-0.36309683523542047,2.5982342075521943,1999,PORTUGAL
1.083004676442799,1.0,-0.40437588890001597,2.5703852417856137,2000,PORTUGAL
0.4296909690710779,1.0,-0.9635804634693157,1.8229624016114716,1992,GERMANY
0.3019792571567752,0.0,-1.053657910197422,1.6576164245109724,1993,GERMANY
0.24957952617686835,0.0,-1.067613495179806,1.5667725475335426,1994,GERMANY
0.22424504714273896,0.0,-1.0523009763613054,1.500791070646783,1995,GERMANY
0.3099530541264861,0.0,-0.9475186313814032,1.5674247396343755,1996,GERMANY
0.4644586510326236,0.0,-0.8131390135847607,1.742056315650008,1997,GERMANY
0.6143614300691145,2.0,-0.7047688744315532,1.9334917345697822,1998,GERMANY
0.7024500019682266,0.0,-0.6559909897167916,2.0608909936532447,1999,GERMANY
0.6531702550954425,1.0,-0.7398806724344956,2.0462211826253807,2000,GERMANY
1.9337713222909214,2.0,0.5867327702954721,3.280809874286371,1990,POLAND
1.208267663667504,2.0,-0.07017311400386395,2.4867084413388723,1991,POLAND
1.0627016745833846,1.0,-0.14806185084024737,2.2734652000070166,1992,POLAND
0.8985831684765431,0.0,-0.22323310629627158,2.0203994432493575,1993,POLAND
0.7657185743709766,1.0,-0.2550563778940872,1.7864935266360402,1994,POLAND
0.6927393037391515,1.0,-0.2778812866133171,1.66335989409162,1995,POLAND
0.6937923665446427,0.0,-0.3235220615342115,1.7111067946234968,1996,POLAND
0.7624976604706152,1.0,-0.3528547328038568,1.877850053745087,1997,POLAND
0.8806297546153818,0.0,-0.3219086424745161,2.08316815170528,1998,POLAND
1.0020908711258687,2.0,-0.26850544197161064,2.272687184223348,1999,POLAND
1.0802880381635112,1.0,-0.2580268864611841,2.4186029627882064,2000,POLAND
0.3097284119449988,0.0,-1.173783731158306,1.7932405550483035,1983,AUSTRIA
0.30347380207555097,0.0,-1.173430428541688,1.78037803269279,1984,AUSTRIA
0.41159177767708244,0.0,-1.0627593855172583,1.8859429408714234,1985,AUSTRIA
0.6055322912796275,0.0,-0.8703068154047624,2.081371397964017,1986,AUSTRIA
0.8772688409143616,2.0,-0.601226886529471,2.355764568358194,1987,AUSTRIA
1.0101063342301821,1.0,-0.4679791857785065,2.488191854238871,1988,AUSTRIA
1.0543260653803996,1.0,-0.4196904258015981,2.5283425565623974,1989,AUSTRIA
1.0941907101168744,1.0,-0.37495670165145856,2.5633381218852076,1990,AUSTRIA
0.9755466947061247,1.0,-0.4868525083940418,2.437945897806291,1991,AUSTRIA
0.8887702929612923,1.0,-0.5740590008362557,2.3515995867588404,1992,AUSTRIA
0.7813398742940193,1.0,-0.6869937559494642,2.249673504537503,1993,AUSTRIA
0.7483427265527711,1.0,-0.726362408080562,2.223047861186104,1994,AUSTRIA
0.7500273577444311,0.0,-0.727280581760435,2.2273352972492972,1995,AUSTRIA
0.8893099722890714,0.0,-0.586918264807087,2.36553820938523,1996,AUSTRIA
1.069888190069431,2.0,-0.404651778987978,2.54442815912684,1997,AUSTRIA
1.2948243670899178,1.0,-0.17934263376462356,2.768991367944459,1998,AUSTRIA
1.4624180368938262,3.0,-0.01453047959705045,2.939366553384703,1999,AUSTRIA
1.4158109614608256,1.0,-0.06845887167648845,2.9000807945981397,2000,AUSTRIA
1.2879116911511894,1.0,-0.19712291888294575,2.772946301185325,1983,HUNGARY
1.3365445820175634,2.0,-0.14080633828005662,2.8138955023151837,1984,HUNGARY
1.2976377151085239,1.0,-0.17429577139318453,2.7695712016102325,1985,HUNGARY
1.1346443594335802,2.0,-0.3346917676355752,2.603980486502736,1986,HUNGARY
0.9595507171261914,1.0,-0.5092635737857276,2.4283650080381105,1987,HUNGARY
0.7396402686481984,0.0,-0.7293177896235881,2.2085983269199847,1988,HUNGARY
0.6304381840208068,0.0,-0.839304987874616,2.1001813559162295,1989,HUNGARY
0.004616933064823803,0.0,-1.464823087159829,1.4740569532894765,1990,HUNGARY
0.14646911743052116,0.0,-1.32183494306343,1.6147731779244725,1991,HUNGARY
0.2875927303164093,1.0,-1.1805243800292193,1.7557098406620377,1992,HUNGARY
0.39826108184367365,0.0,-1.0705836779499471,1.8671058416372943,1993,HUNGARY
0.5321419875155942,0.0,-0.9393461790905748,2.003630154121763,1994,HUNGARY
0.524410395662261,1.0,-0.9442852109889743,1.9931060023134963,1995,HUNGARY
0.5534034253770411,1.0,-0.9151264622078944,2.0219333129619765,1996,HUNGARY
0.5536885050865135,0.0,-0.9160850282542385,2.0234620384272652,1997,HUNGARY
0.5419671582912473,1.0,-0.9311130673994699,2.0150473839819645,1998,HUNGARY
0.5352792548664727,0.0,-0.9434044141314268,2.013962923864372,1999,HUNGARY
0.5297514561483968,1.0,-0.9562346722795071,2.015737584576301,2000,HUNGARY
0.13699771785763004,0.0,-1.1623237513116653,1.4363191870269254,1990,CZECH REP
0.3281443318579341,0.0,-0.8939280967988036,1.550216760514672,1991,CZECH REP
0.5416735128875848,0.0,-0.6151149522415763,1.6984619780167458,1992,CZECH REP
1.152809491048901,2.0,0.07681909398654452,2.228799888111258,1993,CZECH REP
1.1321617401842647,3.0,0.150810908083704,2.1135125722848254,1994,CZECH REP
1.0111613023345158,0.0,0.07136470549507867,1.950957899173953,1995,CZECH REP
0.7193876837187484,0.0,-0.26274742434600085,1.7015227917834976,1996,CZECH REP
0.5490184009203759,1.0,-0.5268703365747677,1.6249071384155194,1997,CZECH REP
0.4728190131782756,0.0,-0.682224577992004,1.6278626043485553,1998,CZECH REP
0.462198816922381,1.0,-0.7580071175480001,1.682404751392762,1999,CZECH REP
0.47768718886172734,0.0,-0.8196559692352166,1.7750303469586712,2000,CZECH REP
1.40853596862009,2.0,0.009566904762245754,2.807505032477934,1995,SLOVAK
1.3937292750970096,1.0,-0.023648617174600206,2.811107167368619,1996,SLOVAK
1.2859949725716313,1.0,-0.16383949323650437,2.735829438379767,1997,SLOVAK
1.2791582425675792,1.0,-0.1700091195011202,2.7283256046362787,1998,SLOVAK
1.3037906854265464,2.0,-0.11260240677422595,2.7201837776273186,1999,SLOVAK
1.32688833501526,1.0,-0.07011982215781165,2.7238964921883317,2000,SLOVAK
0.6499823266748981,0.0,-0.8354138342958346,2.1353784876456308,1983,ITALY
0.6933593288165776,1.0,-0.7835201934885956,2.1702388511217507,1984,ITALY
0.7971061987677204,0.0,-0.6726611141548229,2.266873511690264,1985,ITALY
0.922429595446643,2.0,-0.5428296033870716,2.3876887942803577,1986,ITALY
1.0178305804781989,0.0,-0.4455624534454665,2.4812236144018645,1987,ITALY
1.0502095246604382,2.0,-0.41250689714978206,2.5129259464706584,1988,ITALY
1.1006736075264507,1.0,-0.3600399075791507,2.561387122632052,1989,ITALY
1.072048124963681,1.0,-0.3849317137623822,2.529027963689744,1990,ITALY
1.0838259950549007,1.0,-0.3707319068822701,2.5383838969920713,1991,ITALY
1.7987592828708776,1.0,0.3380819084683795,3.2594366572733757,1992,ITALY
1.2164456317697931,2.0,-0.2423234518141386,2.675214715353725,1993,ITALY
1.2348079296776684,2.0,-0.2277451665889878,2.697361025944325,1994,ITALY
1.2621457981872062,1.0,-0.20387509231188505,2.728166688686297,1995,ITALY
1.1709650362822073,1.0,-0.29495668348577286,2.6368867560501874,1996,ITALY
1.2336051100599463,0.0,-0.2344139090349251,2.7016241291548178,1997,ITALY
1.1996750934458515,3.0,-0.271889330810271,2.671239517701974,1998,ITALY
1.202716032310513,1.0,-0.2756196357975864,2.6810517004186125,1999,ITALY
1.2164425262398586,1.0,-0.27077439040148676,2.7036594428812037,2000,ITALY
4.679803088026058,7.0,3.1773486916442546,6.182257484407861,1983,ALBANIA
2.8140484086617237,2.0,1.41018585749038,4.217910959833067,1992,ALBANIA
2.8898801615341156,1.0,1.5460124789603407,4.23374784410789,1993,ALBANIA
3.245946519596283,4.0,1.9663825353520261,4.52551050384054,1994,ALBANIA
3.491496422016711,4.0,2.2604559323323894,4.722536911701033,1995,ALBANIA
3.6406607793881482,4.0,2.4285893658130666,4.85273219296323,1996,ALBANIA
3.696673096655348,3.0,2.467163797859341,4.926182395451354,1997,ALBANIA
3.5612114371730814,3.0,2.281863930453963,4.8405589438922,1998,ALBANIA
3.5260853912720482,5.0,2.185911631128436,4.86625915141566,1999,ALBANIA
3.464671680002086,2.0,2.062473858388032,4.86686950161614,2000,ALBANIA
1.9148815088039182,2.0,0.5514691448487083,3.2782938727591278,1995,FYRM
1.8176808320002333,2.0,0.4965553993321101,3.1388062646683563,1996,FYRM
1.8587733199547498,1.0,0.5549225486547742,3.1626240912547257,1997,FYRM
1.8999896579564006,2.0,0.597595850278605,3.2023834656341963,1998,FYRM
2.1588545896564777,1.0,0.8357166820653863,3.4819924972475693,1999,FYRM
2.3687628283218496,4.0,1.003346751214617,3.734178905429082,2000,FYRM
2.874460785752905,6.0,1.4033666866105432,4.345554884895266,1994,CROATIA
2.5020123297043737,1.0,1.0413960826954907,3.9626285767132567,1995,CROATIA
2.091678055650973,0.0,0.637386547584835,3.545969563717111,1996,CROATIA
1.8903933409614009,3.0,0.4386379815059147,3.342148700416887,1997,CROATIA
1.9205793967812266,1.0,0.467565261788921,3.3735935317735324,1998,CROATIA
2.1154598542866045,2.0,0.6562748420108171,3.5746448665623918,1999,CROATIA
1.5974005622493674,2.0,0.12716348103593544,3.0676376434627994,2000,CROATIA
0.05644428915227488,0.0,-1.4241442076797546,1.5370327859843045,1994,SLOVENIA
0.046874106216862554,0.0,-1.4289580929643555,1.5227063053980805,1995,SLOVENIA
0.0736346144940214,0.0,-1.4016560566444893,1.5489252856325322,1996,SLOVENIA
0.13068970900412635,0.0,-1.3451569470502374,1.60653636505849,1997,SLOVENIA
0.19906477259173586,0.0,-1.2763579241069798,1.6744874692904514,1998,SLOVENIA
0.24240457393623166,1.0,-1.2336852291910618,1.7184943770635253,1999,SLOVENIA
0.24519418509614904,0.0,-1.235740457078565,1.726128827270863,2000,SLOVENIA
2.5181721316350836,3.0,1.0373159842651298,3.9990282790050373,1983,GREECE
2.598809652806561,3.0,1.124158249307737,4.073461056305385,1984,GREECE
2.664999172813041,3.0,1.190928660985598,4.139069684640484,1985,GREECE
2.5240206627538773,2.0,1.0531863036749458,3.9948550218328087,1986,GREECE
2.3408071330182967,3.0,0.8735298336520374,3.8080844323845557,1987,GREECE
2.126359568826036,3.0,0.6649830748493035,3.5877360628027684,1988,GREECE
1.8459226940488584,2.0,0.39107961007154857,3.300765778026168,1989,GREECE
1.7078251350332139,0.0,0.2562870869598801,3.1593631831065476,1990,GREECE
1.8288669554955432,1.0,0.37732756938340284,3.2804063416076836,1991,GREECE
2.0276109176446524,3.0,0.5760299604748254,3.4791918748144797,1992,GREECE
2.1269443737438865,3.0,0.67314742843563,3.5807413190521427,1993,GREECE
2.1416533876339723,2.0,0.6852523736522493,3.5980544016156952,1994,GREECE
1.8740927550753237,2.0,0.41133618122841087,3.3368493289222365,1995,GREECE
1.4383406325480705,2.0,-0.032910186271581265,2.9095914513677226,1996,GREECE
1.5802671135697177,0.0,0.10631361240432535,3.05422061473511,1997,GREECE
1.4574734505068512,1.0,-0.017894823042887475,2.9328417240565896,1998,GREECE
1.4889314199960477,1.0,0.011640797073717346,2.9662220429183783,1999,GREECE
1.710937190007129,2.0,0.22858948325365924,3.193284896760599,2000,GREECE
1.0397639877654745,2.0,-0.445760951082532,2.525288926613481,1983,CYPRUS
0.8177210799085658,0.0,-0.6581487264382159,2.2935908862553473,1984,CYPRUS
0.625589382263531,0.0,-0.8412196826050344,2.0923984471320964,1985,CYPRUS
0.5368899578565743,1.0,-0.9222803300674308,1.9960602457805794,1986,CYPRUS
0.5937833259769787,0.0,-0.8590012625986609,2.046567914552618,1987,CYPRUS
0.7951761232978329,0.0,-0.6520580063956918,2.2424102529913577,1988,CYPRUS
1.0867997821833246,1.0,-0.35568352188474583,2.529283086251395,1989,CYPRUS
1.4427307113525158,3.0,0.0024438617353275127,2.883017560969704,1990,CYPRUS
1.6918133116975453,1.0,0.25587362699760363,3.1277529963974873,1991,CYPRUS
1.8627139229192644,2.0,0.42685179766280235,3.2985760481757262,1992,CYPRUS
1.8031131919673513,2.0,0.3653487119727652,3.2408776719619374,1993,CYPRUS
1.731086422151924,3.0,0.28894721125674927,3.1732256330470987,1994,CYPRUS
1.4551067895866716,1.0,0.006817610960395015,2.903395968212948,1995,CYPRUS
1.2945630809904936,1.0,-0.15831076534569788,2.747436927326685,1996,CYPRUS
1.1324420686742953,1.0,-0.3267673051343589,2.5916514424829495,1997,CYPRUS
1.0555849123089938,1.0,-0.4114740569310671,2.5226438815490546,1998,CYPRUS
0.9937419917158616,1.0,-0.4823555157413313,2.4698394991730543,1999,CYPRUS
1.0251374596927751,1.0,-0.460230618007589,2.510505537393139,2000,CYPRUS
4.929438197194578,5.0,3.4458153332352195,6.413061061153937,1983,BULGARIA
4.908321978386976,6.0,3.431627342051592,6.3850166147223595,1984,BULGARIA
4.767936843873838,5.0,3.2956426050194843,6.240231082728192,1985,BULGARIA
4.440591667394744,5.0,2.9713889501322672,5.909794384657221,1986,BULGARIA
4.120771588102432,3.0,2.651627442498386,5.589915733706478,1987,BULGARIA
3.897952013790011,3.0,2.4278310204139206,5.368073007166101,1988,BULGARIA
3.918463197384475,5.0,2.445462089335369,5.391464305433582,1989,BULGARIA
3.298299553918169,3.0,1.826245558623307,4.770353549213032,1990,BULGARIA
3.461195118148763,2.0,1.9903383060097466,4.932051930287779,1991,BULGARIA
3.6038527449292537,5.0,2.1333639126586927,5.074341577199815,1992,BULGARIA
3.6639991156370466,4.0,2.19283648021933,5.135161751054763,1993,BULGARIA
3.698947771153945,3.0,2.2281965815945584,5.1696989607133315,1994,BULGARIA
3.6280620935392016,4.0,2.1598082798354716,5.096315907242932,1995,BULGARIA
3.582914888551453,3.0,2.116168769090485,5.049661008012421,1996,BULGARIA
3.5560723062630126,4.0,2.0882740781996363,5.023870534326389,1997,BULGARIA
3.533862011721937,3.0,2.0624374034342607,5.005286620009613,1998,BULGARIA
3.4669944348887203,4.0,1.988478864023136,4.945510005754304,1999,BULGARIA
3.52022355279954,3.0,2.035122556669288,5.005324548929792,2000,BULGARIA
4.162951750358683,5.0,2.685271886852629,5.640631613864738,1983,ROMANIA
4.18897786937953,5.0,2.7192380640141764,5.658717674744883,1984,ROMANIA
3.9964089474438196,5.0,2.531330039394874,5.461487855492765,1985,ROMANIA
3.6463293535955867,4.0,2.1823397049633115,5.110319002227862,1986,ROMANIA
3.3399896125605837,2.0,1.875140437977613,4.804838787143554,1987,ROMANIA
2.9853157416356413,3.0,1.520472215992151,4.4501592672791315,1988,ROMANIA
3.4727599750071363,4.0,2.0015184648497284,4.944001485164544,1989,ROMANIA
2.535008282949066,3.0,1.069061809577064,4.000954756321068,1990,ROMANIA
2.375193389294909,2.0,0.9096004284970907,3.8407863500927277,1991,ROMANIA
2.1534969343885546,1.0,0.6880457545224972,3.618948114254612,1992,ROMANIA
2.0008521015523226,2.0,0.5344052300744597,3.4672989730301857,1993,ROMANIA
2.022982733518756,2.0,0.5542026247897176,3.4917628422477938,1994,ROMANIA
2.0966420321363133,1.0,0.627102824546995,3.5661812397256316,1995,ROMANIA
1.544414453213797,2.0,0.0750624429486586,3.013766463478935,1996,ROMANIA
1.7860159551977062,1.0,0.3180822404924435,3.253949669902969,1997,ROMANIA
2.085389974989698,2.0,0.6179017133831928,3.5528782365962033,1998,ROMANIA
2.2096039995978,3.0,0.7385246124862284,3.680683386709372,1999,ROMANIA
2.3748154609868695,2.0,0.8964214577158505,3.8532094642578887,2000,ROMANIA
6.072867905498604,7.0,4.669460330223006,7.476275480774201,1994,RUSSIA
5.864039874471349,5.0,4.464341035175222,7.263738713767475,1995,RUSSIA
5.7765994719050004,5.0,4.356374153891522,7.1968247899184785,1996,RUSSIA
5.236918513027472,5.0,3.805557908219366,6.668279117835579,1997,RUSSIA
5.5580023338360425,5.0,4.139028123527705,6.97697654414438,1998,RUSSIA
5.925765635963079,6.0,4.526227895456708,7.325303376469449,1999,RUSSIA
5.537235081761737,7.0,4.13385110105331,6.940619062470164,2000,RUSSIA
1.0159829244144656,1.0,-0.46053621823984314,2.4925020670687745,1994,ESTONIA
0.9545256517729686,1.0,-0.5061387973725202,2.4151901009184575,1995,ESTONIA
0.9262500841074501,1.0,-0.5221298314518446,2.3746299996667446,1996,ESTONIA
0.8578483119074201,1.0,-0.5856547913895693,2.3013514152044094,1997,ESTONIA
0.7861628810344037,1.0,-0.6621181088613315,2.234443870930139,1998,ESTONIA
0.7406621656132145,0.0,-0.7197904434680574,2.2011147746944864,1999,ESTONIA
0.7161170223569231,1.0,-0.7590068636966429,2.191240908410489,2000,ESTONIA
1.8605546046314143,3.0,0.3818704417241505,3.339238767538678,1994,LATVIA
1.7118330213017208,1.0,0.23543740458331208,3.1882286380201297,1995,LATVIA
1.5551074255187507,1.0,0.07882153552286786,3.0313933155146335,1996,LATVIA
1.4451482427924616,2.0,-0.0313042068453282,2.9216006924302516,1997,LATVIA
1.423557046254029,1.0,-0.05263768900299004,2.899751781511048,1998,LATVIA
1.475939687447761,1.0,-0.0004125304669089225,2.952291905362431,1999,LATVIA
1.5535735329651303,2.0,0.07477335082485914,3.0323737151054013,2000,LATVIA
0.7164198206477259,0.0,-0.7659344252714146,2.1987740665668665,1994,LITHUANIA
0.7618887295086378,1.0,-0.7175010263378547,2.2412784853551306,1995,LITHUANIA
0.9147611228712849,1.0,-0.5638324070070146,2.3933546527495846,1996,LITHUANIA
1.0130864797052719,1.0,-0.4657444417916894,2.491917401202233,1997,LITHUANIA
1.1141307354720391,1.0,-0.3636258179249452,2.5918872888690236,1998,LITHUANIA
1.216350999834889,1.0,-0.26104013822953953,2.693742137899317,1999,LITHUANIA
1.2686814096856796,2.0,-0.21227922227866602,2.7496420416500253,2000,LITHUANIA
2.912943541538389,4.0,1.4643726171039018,4.361514465972876,1994,UKRAINE
2.7973245914446756,2.0,1.3701126403166901,4.224536542572661,1995,UKRAINE
2.679919872907643,3.0,1.2729186693878016,4.086921076427484,1996,UKRAINE
2.6116986687182355,2.0,1.2139815706411168,4.009415766795354,1997,UKRAINE
2.6191771466536222,2.0,1.2124610127030275,4.025893280604217,1998,UKRAINE
2.665587760119202,4.0,1.2385354443759504,4.0926400758624535,1999,UKRAINE
2.697356278375564,2.0,1.2486670486266762,4.146045508124452,2000,UKRAINE
2.935712008191836,3.0,1.4618332613050202,4.409590755078652,1994,BELARUS
3.600207919461862,4.0,2.1373656837668396,5.063050155156884,1995,BELARUS
3.560437048438966,3.0,2.104201661999509,5.016672434878423,1996,BELARUS
3.558886667978344,4.0,2.1042327932029163,5.013540542753772,1997,BELARUS
3.445688372887785,3.0,1.988900338458986,4.902476407316584,1998,BELARUS
3.4658109682897322,4.0,2.0018509584972093,4.929770978082255,1999,BELARUS
3.4324098921575885,3.0,1.9592442283427285,4.905575555972448,2000,BELARUS
3.032459972345649,3.0,1.5800238111742242,4.484896133517074,1994,ARMENIA
3.077954700320964,3.0,1.6345543297477367,4.521355070894192,1995,ARMENIA
3.1051430849611172,3.0,1.6503697429341382,4.559916426988096,1996,ARMENIA
3.037264242106647,4.0,1.5746478735826444,4.49988061063065,1997,ARMENIA
3.0291666955304724,2.0,1.574572465579985,4.48376092548096,1998,ARMENIA
2.8724930782145974,4.0,1.4282269211781582,4.316759235251037,1999,ARMENIA
2.8306129535208737,2.0,1.386021774194428,4.275204132847319,2000,ARMENIA
6.078602431576396,5.0,4.594625656287777,7.562579206865015,1994,GEORGIA
5.724059290002938,6.0,4.254456640467701,7.193661939538174,1995,GEORGIA
5.867590653796348,7.0,4.403165144870313,7.3320161627223825,1996,GEORGIA
5.734213751469876,7.0,4.27132551632803,7.197101986611722,1997,GEORGIA
5.295840470017065,6.0,3.830992787686101,6.760688152348029,1998,GEORGIA
4.838685833324788,3.0,3.3683574556557216,6.309014210993854,1999,GEORGIA
4.514806694754114,4.0,3.035308406292713,5.994304983215515,2000,GEORGIA
0.04588795790482325,0.0,-1.4342116242694367,1.5259875400790832,1983,FINLAND
0.10708569485074815,0.0,-1.3662510439870423,1.5804224336885386,1984,FINLAND
0.16533749843551765,0.0,-1.306256717866084,1.6369317147371192,1985,FINLAND
0.18864169954478893,1.0,-1.2842823381542394,1.661565737243817,1986,FINLAND
0.15363713905641635,0.0,-1.320008854363735,1.6272831324765678,1987,FINLAND
0.0778632286981264,0.0,-1.394145687860478,1.549872145256731,1988,FINLAND
0.06570733184022738,0.0,-1.4023415843221447,1.5337562480025997,1989,FINLAND
0.015343995202901889,0.0,-1.4481345126871086,1.4788225030929125,1990,FINLAND
0.0060222881354224725,0.0,-1.4550738811898576,1.4671184574607024,1991,FINLAND
0.010780751049531516,0.0,-1.4509199093134098,1.4724814114124727,1992,FINLAND
0.01819171041331924,0.0,-1.4466470452079117,1.4830304660345504,1993,FINLAND
0.016705079196268416,0.0,-1.452515167946279,1.485925326338816,1994,FINLAND
0.015143820892108667,0.0,-1.4579694608840887,1.488257102668306,1995,FINLAND
0.011541137136799572,0.0,-1.4633211727910058,1.4864034470646048,1996,FINLAND
0.002583474376808219,0.0,-1.4713797114969391,1.4765466602505557,1997,FINLAND
-0.0037799990391720675,0.0,-1.4762241669910847,1.4686641689127407,1998,FINLAND
0.05440103342896102,0.0,-1.420967872162551,1.529769939020473,1999,FINLAND
-0.008494308117071123,0.0,-1.489604302628873,1.4726156863947306,2000,FINLAND
0.0499108184384488,0.0,-1.4376644298768593,1.5374860667537567,1983,SWEDEN
0.028746296191868238,0.0,-1.4537098091347351,1.5112024015184717,1984,SWEDEN
0.014260473507231117,0.0,-1.466275265118998,1.4947962121334604,1985,SWEDEN
0.00041594081177731557,0.0,-1.4801902792667758,1.4810221608903307,1986,SWEDEN
0.05676683522509622,0.0,-1.4229271445795466,1.5364608150297392,1987,SWEDEN
0.04394627364275401,0.0,-1.4318300376382624,1.5197225849237705,1988,SWEDEN
0.028951504040604467,0.0,-1.4421019971832225,1.5000050052644316,1989,SWEDEN
0.015515463259448095,0.0,-1.451792349418324,1.4828232759372202,1990,SWEDEN
0.013483517826143779,0.0,-1.4522266731812792,1.479193708833567,1991,SWEDEN
0.04028366781769799,0.0,-1.42611640811693,1.5066837437523257,1992,SWEDEN
0.11847104918689431,0.0,-1.350469420574034,1.5874115189478226,1993,SWEDEN
0.23251015253821422,0.0,-1.2401372490655482,1.7051575541419768,1994,SWEDEN
0.35662949913602804,0.0,-1.1197666742089813,1.8330256724810372,1995,SWEDEN
0.4418598699712052,2.0,-1.037143799461946,1.920863539404356,1996,SWEDEN
0.5105222814143623,0.0,-0.9709801003715436,1.9920246632002683,1997,SWEDEN
0.3937482266940395,0.0,-1.087072476797673,1.874568930185752,1998,SWEDEN
0.3070934657787528,1.0,-1.176442473878891,1.7906294054363965,1999,SWEDEN
0.2845825472879058,0.0,-1.2047355930442647,1.7739006876200762,2000,SWEDEN
0.010524063528416935,0.0,-1.4649075271047964,1.4859556541616303,1983,NORWAY
-0.005501934856005308,0.0,-1.4675311352619862,1.4565272655499757,1984,NORWAY
-0.006948484082158271,0.0,-1.4593089702163622,1.4454120020520456,1985,NORWAY
0.017951568619811425,0.0,-1.429236865039183,1.465140002278806,1986,NORWAY
0.1376967178140615,0.0,-1.3058206088697648,1.581214044497888,1987,NORWAY
0.18958945048376424,0.0,-1.2469725879434974,1.626151488911026,1988,NORWAY
0.20801708817160186,1.0,-1.217538548133744,1.6335727244769478,1989,NORWAY
0.1789462928990906,0.0,-1.2337371098361056,1.5916296956342868,1990,NORWAY
0.11590648450467103,0.0,-1.2878892113876033,1.5197021803969455,1991,NORWAY
0.0536451596987684,0.0,-1.3504334949964132,1.45772381439395,1992,NORWAY
0.01590984127154367,0.0,-1.3972708033166854,1.4290904858597728,1993,NORWAY
-0.0004136886491963587,0.0,-1.4258900825227006,1.425062705224308,1994,NORWAY
0.00043123873557145836,0.0,-1.4347651177904004,1.4356275952615432,1995,NORWAY
0.002626106078866264,0.0,-1.4381346720666501,1.4433868842243824,1996,NORWAY
0.0021416009479700293,0.0,-1.4425369019589456,1.4468201038548856,1997,NORWAY
0.003447966170488953,0.0,-1.447404016126665,1.4542999484676429,1998,NORWAY
0.003661342085559127,0.0,-1.458052648679275,1.4653753328503933,1999,NORWAY
0.0018951608401448217,0.0,-1.4743264208002764,1.478116742480566,2000,NORWAY
0.014939710535789977,0.0,-1.4584876655792631,1.4883670866508432,1983,DENMARK
0.00501333994247409,0.0,-1.4627927058887877,1.472819385773736,1984,DENMARK
-0.007430704726476708,0.0,-1.475924562350314,1.4610631528973606,1985,DENMARK
-0.023788695331191018,0.0,-1.4936063605722414,1.4460289699098594,1986,DENMARK
0.03650498283566536,0.0,-1.4293811544324195,1.5023911201037503,1987,DENMARK
0.025312524280330234,0.0,-1.4313202567301369,1.4819453052907974,1988,DENMARK
0.019981652251572404,0.0,-1.4290850503465282,1.4690483548496729,1989,DENMARK
0.01611724315591502,0.0,-1.430539322808515,1.4627738091203453,1990,DENMARK
0.011664334567120571,0.0,-1.435801271599743,1.4591299407339842,1991,DENMARK
0.004250838781081345,0.0,-1.4438741047293606,1.4523757822915233,1992,DENMARK
-0.004826810308326601,0.0,-1.4531332465904867,1.4434796259738334,1993,DENMARK
0.040345034557606047,0.0,-1.4114109978660996,1.4921010669813115,1994,DENMARK
0.051335113755056255,0.0,-1.406718729537758,1.5093889570478702,1995,DENMARK
0.03506629601720487,0.0,-1.430003781476233,1.5001363735106426,1996,DENMARK
0.10451196919826097,0.0,-1.3642289877008018,1.5732529260973238,1997,DENMARK
0.17752394554036194,0.0,-1.2904989473314539,1.6455468384121776,1998,DENMARK
0.2202397382776986,1.0,-1.2480908251149938,1.688570301670391,1999,DENMARK
0.21438878231244873,0.0,-1.2603301944536534,1.689107759078551,2000,DENMARK
1.8519636310433234,0.0,0.5753725915496353,3.1285546705370115,1983,GU-BISSAU
2.0542008345971823,3.0,0.9082537215615527,3.2001479476328116,1984,GU-BISSAU
2.2604640065728576,3.0,1.2260742449874236,3.2948537681582915,1985,GU-BISSAU
2.3661117526302213,2.0,1.3806656819200107,3.351557823340432,1986,GU-BISSAU
2.3396805195655577,3.0,1.3338824850365492,3.345478554094566,1987,GU-BISSAU
2.2632377849671643,2.0,1.2014154847724283,3.3250600851619003,1988,GU-BISSAU
2.246801630022646,2.0,1.139144120306737,3.3544591397385553,1989,GU-BISSAU
2.345296629075438,2.0,1.233645515870568,3.456947742280308,1990,GU-BISSAU
2.5123679663435876,2.0,1.4405698822885002,3.584166050398675,1991,GU-BISSAU
2.6205285603572723,4.0,1.6030543146655416,3.638002806049003,1992,GU-BISSAU
2.567888038142494,4.0,1.5719664241593634,3.5638096521256246,1993,GU-BISSAU
2.375320463125356,1.0,1.3313651125390613,3.419275813711651,1994,GU-BISSAU
2.154048423068315,2.0,0.9988825318936518,3.309214314242978,1995,GU-BISSAU
2.058314031602686,2.0,0.7748570458636745,3.3417710173416975,1996,GU-BISSAU
1.3196305252304088,2.0,-0.15829796234424176,2.7975590128050594,1983,GAMBIA
1.2351072738654183,1.0,-0.23294047791406403,2.7031550256449006,1984,GAMBIA
1.1331445750052909,0.0,-0.3273547858533201,2.593643935863902,1985,GAMBIA
0.9805550860665667,2.0,-0.4743116290056396,2.435421801138773,1986,GAMBIA
0.7783559243749006,1.0,-0.6724975667924163,2.2292094155422175,1987,GAMBIA
0.5639435585021515,0.0,-0.8840854986169935,2.0119726156212963,1988,GAMBIA
0.45590900702772186,0.0,-0.9904800680895589,1.9022980821450026,1989,GAMBIA
0.5889305935950034,0.0,-0.8576375908793094,2.035498778069316,1990,GAMBIA
0.9853929582642642,0.0,-0.46255759808123664,2.4333435146097653,1991,GAMBIA
1.506104668263913,1.0,0.05714785594431904,2.955061480583507,1992,GAMBIA
1.9088666157897893,4.0,0.45891218996367655,3.358821041615902,1993,GAMBIA
2.6733216573299363,4.0,1.2217416130195191,4.124901701640353,1994,GAMBIA
2.531948462382822,2.0,1.0786971043881068,3.985199820377537,1995,GAMBIA
2.2122306593176853,2.0,0.757257973233791,3.6672033454015796,1996,GAMBIA
1.9900822253838055,1.0,0.5316934952202323,3.4484709555473785,1997,GAMBIA
1.9146912484675487,2.0,0.4512677064228996,3.378114790512198,1998,GAMBIA
2.0445691510122197,2.0,0.5750922638816773,3.5140460381427623,1999,GAMBIA
2.198287599017168,3.0,0.7204800674209597,3.6760951306133762,2000,GAMBIA
2.1590934935184807,3.0,0.6744671969329952,3.643719790103966,1983,MALI
1.9168566192095762,1.0,0.4420144262546184,3.3916988121645337,1984,MALI
1.8342448668402296,1.0,0.3682222653011107,3.3002674683793485,1985,MALI
1.966212058149635,2.0,0.5064835872090658,3.4259405290902043,1986,MALI
2.4173464520983603,2.0,0.9598712025152103,3.87482170168151,1987,MALI
3.0771103720077067,2.0,1.6193299339293628,4.5348908100860505,1988,MALI
3.7170819815978633,4.0,2.258633828773358,5.1755301344223685,1989,MALI
4.148738219602155,8.0,2.6899801401314076,5.607496299072903,1990,MALI
4.215436324694554,4.0,2.756556326994134,5.674316322394974,1991,MALI
3.2838878590635945,2.0,1.8253622133775906,4.7424135047495986,1992,MALI
2.8434995752494476,4.0,1.3861140288026852,4.30088512169621,1993,MALI
2.348512192191743,4.0,0.8917109807767756,3.80531340360671,1994,MALI
1.9075245492957582,0.0,0.450832185852293,3.3642169127392236,1995,MALI
1.6027949369670988,1.0,0.1451772834983711,3.060412590435827,1996,MALI
1.4259433559561994,2.0,-0.035079013606144294,2.886965725518543,1997,MALI
1.3391396327844978,1.0,-0.12864600105958712,2.806925266628583,1998,MALI
1.427927144336145,2.0,-0.05086324402205222,2.9067175326943424,1999,MALI
1.37478308709722,0.0,-0.11238320613761554,2.8619493803320557,2000,MALI
3.623594880896138,2.0,2.136161400809951,5.111028360982325,1983,SENEGAL
3.6631154142221805,4.0,2.181362757691927,5.144868070752434,1984,SENEGAL
3.7043680816427993,4.0,2.2281424381801944,5.180593725105404,1985,SENEGAL
3.7185782173086492,4.0,2.2471409069162647,5.190015527701034,1986,SENEGAL
3.801389403061205,3.0,2.3332430885077375,5.269535717614673,1987,SENEGAL
3.880898261131158,3.0,2.415330961188484,5.346465561073833,1988,SENEGAL
4.096399536838543,5.0,2.6327441869168844,5.560054886760202,1989,SENEGAL
4.470115272604061,3.0,3.007108428317336,5.933122116890786,1990,SENEGAL
4.817737951562149,6.0,3.3555041809360775,6.279971722188221,1991,SENEGAL
5.036521786025406,5.0,3.5757646533858565,6.497278918664955,1992,SENEGAL
5.218041494891684,6.0,3.7557238258620385,6.680359163921329,1993,SENEGAL
5.312943723743773,6.0,3.847921582918751,6.777965864568795,1994,SENEGAL
5.4372057051944145,4.0,3.970239869538048,6.904171540850781,1995,SENEGAL
5.4774088077617185,6.0,4.008758049166547,6.94605956635689,1996,SENEGAL
5.436256882476632,7.0,3.9641177134962904,6.908396051456974,1997,SENEGAL
5.265463595561586,6.0,3.787908060147501,6.7430191309756715,1998,SENEGAL
4.94004530031181,4.0,3.4563366575555676,6.423753943068052,1999,SENEGAL
4.011013982967562,4.0,2.521217013215625,5.500810952719498,2000,SENEGAL
2.3361869493754908,2.0,0.848167558690744,3.8242063400602375,1983,BENIN
2.6657615521458036,4.0,1.1856004705569545,4.145922633734653,1984,BENIN
2.930450320584852,2.0,1.457912485038357,4.402988156131347,1985,BENIN
2.9965590835774805,4.0,1.5300322766371728,4.463085890517788,1986,BENIN
2.8308981751239823,5.0,1.3669695888610125,4.294826761386952,1987,BENIN
2.3516790958652827,3.0,0.8879320037489684,3.815426187981597,1988,BENIN
1.77297331556453,0.0,0.3088320559354394,3.237114575193621,1989,BENIN
1.38786945449981,0.0,-0.07793869403361176,2.8536776030332316,1990,BENIN
0.5435980632719307,2.0,-0.9238003740073287,2.0109965005511903,1991,BENIN
0.9481685464138805,0.0,-0.5176797856744595,2.4140168785022205,1992,BENIN
0.8782569203877296,2.0,-0.5848737751932688,2.341387615968728,1993,BENIN
0.7571438557883637,0.0,-0.7030583888054741,2.2173461003822017,1994,BENIN
0.6342904150643224,0.0,-0.8239753888465323,2.092556218975177,1995,BENIN
0.581297678218067,0.0,-0.8776664100872942,2.040261766523428,1996,BENIN
0.6284579508576053,1.0,-0.834671531287909,2.0915874330031197,1997,BENIN
0.7588743811981252,0.0,-0.7112955517796159,2.2290443141758662,1998,BENIN
0.9259484392856927,1.0,-0.552694011154736,2.4045908897261214,1999,BENIN
1.088768409917819,1.0,-0.39842893618339703,2.575965756019035,2000,BENIN
2.291917025437999,2.0,0.8093831798945954,3.7744508709814024,1983,MAURITNI
2.2536206159072796,1.0,0.775458638029866,3.7317825937846933,1984,MAURITNI
2.533174750458182,2.0,1.0595382488904308,4.006811252025933,1985,MAURITNI
3.1014456705227125,4.0,1.634989917120564,4.5679014239248605,1986,MAURITNI
3.893893883113256,3.0,2.4354712862961856,5.352316479930327,1987,MAURITNI
4.70840274001341,4.0,3.256491093910781,6.160314386116039,1988,MAURITNI
5.325386037033606,8.0,3.8782942064382695,6.772477867628943,1989,MAURITNI
5.419319866696705,8.0,3.977203243050269,6.8614364903431415,1990,MAURITNI
4.997122083710799,5.0,3.5576605093216926,6.436583658099906,1991,MAURITNI
4.193010886148206,4.0,2.7539410008130476,5.632080771483364,1992,MAURITNI
3.4021269269289736,3.0,1.961062312008101,4.843191541849846,1993,MAURITNI
2.8181257001133355,3.0,1.3722743021117003,4.263977098114971,1994,MAURITNI
2.507751551913933,1.0,1.0555721344487299,3.959930969379136,1995,MAURITNI
2.419953482515177,3.0,0.9606082651613552,3.879298699868999,1996,MAURITNI
2.499433142467794,2.0,1.0312486279559878,3.9676176569796,1997,MAURITNI
2.4759195487679326,3.0,1.0011115910171013,3.950727506518764,1998,MAURITNI
2.566021968610776,2.0,1.0875760190201917,4.04446791820136,1999,MAURITNI
2.61805101412436,2.0,1.134960654861645,4.101141373387074,2000,MAURITNI
1.5052916488741743,1.0,0.034864904829157384,2.975718392919191,1983,NIGER
1.4731113450394853,2.0,0.009823474187541592,2.936399215891429,1984,NIGER
1.4057368959751775,1.0,-0.05797202677732982,2.8694458187276846,1985,NIGER
1.7984609231478732,2.0,0.3316698257046906,3.265252020591056,1986,NIGER
1.902442940235547,1.0,0.435922652714237,3.368963227756857,1987,NIGER
2.078107630608785,1.0,0.6171702102248866,3.539045050992683,1988,NIGER
2.291651992103922,5.0,0.8376173952081059,3.745686588999738,1989,NIGER
2.537288726572307,1.0,1.0845079286429065,3.9900695245017075,1990,NIGER
2.606800332290658,3.0,1.1572518165417132,4.056348848039603,1991,NIGER
2.0685336644007752,2.0,0.6196437275543987,3.5174236012471516,1992,NIGER
2.1814353081628517,3.0,0.7331161778924313,3.629754438433272,1993,NIGER
2.294854173655886,2.0,0.8426555686578241,3.747052778653948,1994,NIGER
2.3717639434522946,2.0,0.9116914108872152,3.831836476017374,1995,NIGER
2.994772071465774,4.0,1.5295573592551228,4.459986783676425,1996,NIGER
2.7895449683969025,4.0,1.3246502107356988,4.254439726058106,1997,NIGER
2.504106679131678,2.0,1.0418862966885272,3.9663270615748294,1998,NIGER
2.213122369846612,2.0,0.7516472288555838,3.67459751083764,1999,NIGER
1.980546964024309,1.0,0.5108270679363554,3.4502668601122624,2000,NIGER
1.208557032395485,0.0,-0.2808712855707931,2.6979853503617632,1983,IVORY-CO
0.9722275943199266,0.0,-0.5098626222793354,2.4543178109191883,1984,IVORY-CO
0.9432913835721766,0.0,-0.5308265638711358,2.417409331015489,1985,IVORY-CO
1.1404277845878805,1.0,-0.3271944186126392,2.6080499877884002,1986,IVORY-CO
1.5318194057187347,1.0,0.06834248353927719,2.995296327898192,1987,IVORY-CO
2.052578404960974,1.0,0.5915848947991369,3.513571915122811,1988,IVORY-CO
2.6327374047733545,3.0,1.1729187654416229,4.092556044105086,1989,IVORY-CO
3.198871155756422,3.0,1.739191723684815,4.658550587828029,1990,IVORY-CO
3.657897734058349,5.0,2.1977268503696044,5.1180686177470935,1991,IVORY-CO
4.3499890835822415,4.0,2.8892121805867306,5.810765986577753,1992,IVORY-CO
4.460310164622145,4.0,2.9985934933515255,5.922026835892765,1993,IVORY-CO
4.4225560487104785,7.0,2.9592821630753585,5.885829934345598,1994,IVORY-CO
4.333302221821114,4.0,2.867835109944084,5.798769333698145,1995,IVORY-CO
4.4127482985777124,3.0,2.945756593520751,5.879740003634674,1996,IVORY-CO
4.595339922809721,5.0,3.1259033040332174,6.064776541586225,1997,IVORY-CO
4.8760296755058095,5.0,3.401588219843529,6.35047113116809,1998,IVORY-CO
5.081699424849195,7.0,3.6000469183927244,6.563351931305666,1999,IVORY-CO
5.127606794018965,6.0,3.6388518390059454,6.616361749031985,2000,IVORY-CO
4.8526149613979195,5.0,3.6063331560892506,6.098896766706588,1986,GUINEA
4.668571634475615,6.0,3.489923817504148,5.847219451447082,1987,GUINEA
4.349306484649629,4.0,3.1751128053345186,5.52350016396474,1988,GUINEA
4.0736789504164275,3.0,2.8546520286389807,5.292705872193874,1989,GUINEA
3.8123296263774815,4.0,2.550926832213614,5.073732420541349,1990,GUINEA
3.7764077173411783,3.0,2.5140299434517432,5.038785491230613,1991,GUINEA
3.786044638677485,4.0,2.565517714761979,5.006571562592991,1992,GUINEA
3.978185008767392,3.0,2.7835238773648996,5.172846140169884,1993,GUINEA
4.226536209252786,4.0,3.0040366762945085,5.449035742211064,1994,GUINEA
4.533042587794476,6.0,3.2664645557575005,5.799620619831452,1995,GUINEA
4.699196165317632,4.0,3.4360617026164006,5.962330628018863,1996,GUINEA
4.89613915899365,4.0,3.6754773228825828,6.116800995104717,1997,GUINEA
5.046492782241735,6.0,3.868029094909862,6.224956469573608,1998,GUINEA
5.172191582997848,6.0,3.989731267193689,6.3546518988020075,1999,GUINEA
5.136875596717025,5.0,3.8890224217862115,6.384728771647838,2000,GUINEA
3.0856610144857215,3.0,1.5948174140394495,4.576504614931993,1983,BOR-FAS.UV
3.0929706039753437,4.0,1.6074877169733661,4.578453490977322,1984,BOR-FAS.UV
3.2429070606210635,2.0,1.7607350089342608,4.725079112307866,1985,BOR-FAS.UV
3.4038179912673128,3.0,1.9268466734032899,4.880789309131336,1986,BOR-FAS.UV
3.7046236662841188,4.0,2.2294911451509023,5.179756187417335,1987,BOR-FAS.UV
3.903610989354106,5.0,2.4309407375010927,5.37628124120712,1988,BOR-FAS.UV
3.897744984920058,5.0,2.429240407927555,5.366249561912561,1989,BOR-FAS.UV
3.6605340319206565,3.0,2.1963701852231923,5.124697878618121,1990,BOR-FAS.UV
3.262141451634979,4.0,1.8004962016639066,4.723786701606051,1991,BOR-FAS.UV
2.8753547181111005,2.0,1.4136647280312584,4.337044708190943,1992,BOR-FAS.UV
2.5776954091938915,2.0,1.11337929996531,4.042011518422473,1993,BOR-FAS.UV
2.4251384321159635,3.0,0.9561075314268714,3.8941693328050553,1994,BOR-FAS.UV
2.4035794316516665,2.0,0.9297362231757025,3.8774226401276306,1995,BOR-FAS.UV
2.4969176875895527,1.0,1.0199058973563462,3.973929477822759,1996,BOR-FAS.UV
2.6808677336197038,4.0,1.20146280124759,4.160272665991817,1997,BOR-FAS.UV
2.9658742043096886,2.0,1.482509119812337,4.44923928880704,1998,BOR-FAS.UV
3.6234575597171856,4.0,2.134736352488321,5.11217876694605,1999,BOR-FAS.UV
3.695255181712002,4.0,2.201563993288246,5.188946370135758,2000,BOR-FAS.UV
4.438388293332274,3.0,3.0010594517490663,5.875717134915481,1983,LIBERIA
4.276073153804822,6.0,2.873562572619435,5.678583734990208,1984,LIBERIA
4.171401362592009,3.0,2.7954646385350324,5.5473380866489865,1985,LIBERIA
4.1903507534739655,3.0,2.8144196433261905,5.56628186362174,1986,LIBERIA
4.353487345459307,4.0,2.950993808201167,5.755980882717447,1987,LIBERIA
4.617084105413667,5.0,3.179833171578556,6.0543350392487785,1988,LIBERIA
6.648456036287032,7.0,5.434965918799124,7.861946153774941,1998,LIBERIA
6.709292452879307,8.0,5.54773205162337,7.870852854135244,1999,LIBERIA
6.594903213601711,7.0,5.384626029861195,7.805180397342227,2000,LIBERIA
2.398556008709778,2.0,1.08647905050779,3.710632966911766,1983,SIERRA-L
2.0996739265211826,1.0,0.8778156316048746,3.3215322214374905,1984,SIERRA-L
1.9827778360639994,1.0,0.8237763170385193,3.1417793550894793,1985,SIERRA-L
2.0640155391887296,2.0,0.92112476772641,3.206906310651049,1986,SIERRA-L
2.3737727488063993,2.0,1.2072338777996632,3.5403116198131355,1987,SIERRA-L
2.967480789375297,2.0,1.7654414597801082,4.169520118970485,1988,SIERRA-L
3.7694031341634413,3.0,2.5500709910149233,4.988735277311959,1989,SIERRA-L
4.664913927444155,5.0,3.4596497877811263,5.870178067107183,1990,SIERRA-L
6.104630639964508,8.0,4.930700361072042,7.278560918856974,1991,SIERRA-L
6.677133546740796,7.0,5.527060967619016,7.827206125862577,1992,SIERRA-L
6.660450657797042,8.0,5.496069784727915,7.8248315308661684,1993,SIERRA-L
6.335894042719977,8.0,5.1097700921295255,7.562017993310428,1994,SIERRA-L
5.883236258986808,5.0,4.567518082716356,7.19895443525726,1995,SIERRA-L
2.8161256549300635,3.0,1.447509273383998,4.184742036476129,1984,GHANA
2.884210323950431,3.0,1.5535361745926157,4.214884473308246,1985,GHANA
2.959848806749081,3.0,1.6418555594888438,4.277842054009318,1986,GHANA
3.0314561450128577,3.0,1.7109906433566002,4.3519216466691155,1987,GHANA
3.0597526033132594,3.0,1.7434214601087294,4.376083746517789,1988,GHANA
2.996311149773218,4.0,1.7070040694782749,4.285618230068161,1989,GHANA
2.824327890397881,3.0,1.5823093695074264,4.066346411288336,1990,GHANA
2.632635143397914,2.0,1.4341215536140628,3.8311487331817653,1991,GHANA
2.3270614500822693,3.0,1.1481056285352855,3.5060172716292533,1992,GHANA
2.155569904347289,1.0,0.9569709229811596,3.354168885713418,1993,GHANA
2.0875938964015863,2.0,0.8430863516664135,3.332101441136759,1994,GHANA
2.0924582366261726,2.0,0.8014993660429082,3.383417107209437,1995,GHANA
2.133567836727789,3.0,0.817065871507632,3.4500698019479463,1996,GHANA
2.1993426829461864,1.0,0.8788479925240966,3.519837373368276,1997,GHANA
2.291189115630827,2.0,0.9708770596877172,3.6115011715739365,1998,GHANA
2.462202861936507,3.0,1.125201236532686,3.799204487340328,1999,GHANA
3.031349903544972,3.0,1.6538780771697863,4.408821729920158,2000,GHANA
3.1265988048424465,3.0,1.6355333140792143,4.617664295605678,1983,TOGO
3.304770605730405,3.0,1.8216211942249763,4.787920017235834,1984,TOGO
3.051471653322838,4.0,1.5759943681514375,4.526948938494238,1985,TOGO
2.8986615711759267,2.0,1.4307808339884358,4.366542308363417,1986,TOGO
3.0789762427373977,2.0,1.6178745740236191,4.540077911451176,1987,TOGO
3.529100159892746,2.0,2.073870428430854,4.984329891354638,1988,TOGO
4.249402240649676,5.0,2.7986273609387102,5.700177120360642,1989,TOGO
4.9896637239686905,6.0,3.5423072842830523,6.437020163654329,1990,TOGO
5.4544169025838025,6.0,4.008802252026342,6.900031553141263,1991,TOGO
5.549413161381908,7.0,4.101920289435322,6.996906033328495,1992,TOGO
5.1720831884125,7.0,3.7225149957073196,6.62165138111768,1993,TOGO
4.703388905120547,3.0,3.2494866100990256,6.157291200142068,1994,TOGO
4.26740880913888,3.0,2.809089437364296,5.725728180913464,1995,TOGO
3.9424605590419817,5.0,2.4797889251917367,5.405132192892227,1996,TOGO
3.784397000044832,4.0,2.3151622016353777,5.253631798454286,1997,TOGO
3.6831682983482064,4.0,2.206283419517857,5.160053177178556,1998,TOGO
3.6352949791344877,3.0,2.151940847038797,5.118649111230178,1999,TOGO
3.5804420971140356,3.0,2.0909073123721322,5.069976881855939,2000,TOGO
4.661065017810622,5.0,3.1747457518483833,6.147384283772861,1983,CAMEROON
4.684189418438368,6.0,3.2044611861773626,6.163917650699374,1984,CAMEROON
4.192608418656495,3.0,2.7186798701737667,5.666536967139224,1985,CAMEROON
3.9959503981706304,2.0,2.526716859405373,5.465183936935888,1986,CAMEROON
4.2676720871205145,4.0,2.802028833014311,5.733315341226718,1987,CAMEROON
4.811270597525712,4.0,3.3471084407892824,6.275432754262141,1988,CAMEROON
5.443045602551066,6.0,3.9785027317261736,6.907588473375958,1989,CAMEROON
5.9706897859095855,8.0,4.506018298338407,7.435361273480764,1990,CAMEROON
6.033547610013428,5.0,4.571691518603729,7.495403701423126,1991,CAMEROON
5.888097909423829,7.0,4.424904650555876,7.351291168291782,1992,CAMEROON
5.463836952266899,6.0,3.9993973206801927,6.928276583853605,1993,CAMEROON
5.173316637915684,4.0,3.707851475915178,6.638781799916189,1994,CAMEROON
5.120580856792451,4.0,3.6557740341243266,6.585387679460575,1995,CAMEROON
5.3354477302181955,5.0,3.869915856298684,6.800979604137707,1996,CAMEROON
5.743624927385127,7.0,4.2736682832331425,7.213581571537112,1997,CAMEROON
5.975354181758614,6.0,4.500875864074192,7.449832499443035,1998,CAMEROON
6.1483305164121385,7.0,4.66991038183183,7.626750650992447,1999,CAMEROON
6.078974089727575,6.0,4.594636666965644,7.5633115124895065,2000,CAMEROON
2.3538080407710225,2.0,0.8757724887403064,3.8318435928017385,1983,NIGERIA
3.3856171322445445,3.0,1.9178979179722773,4.853336346516812,1984,NIGERIA
2.6230704945567607,2.0,1.170848438626028,4.075292550487493,1985,NIGERIA
2.8224854266720634,1.0,1.3798982177744898,4.265072635569637,1986,NIGERIA
3.2922981277873142,3.0,1.855438811428492,4.729157444146137,1987,NIGERIA
3.8484680792198542,4.0,2.4127723195400756,5.284163838899633,1988,NIGERIA
4.32548877320664,6.0,2.8892293987620086,5.7617481476512715,1989,NIGERIA
5.259480185035327,5.0,3.8212571167584866,6.697703253312168,1990,NIGERIA
4.70225106035491,4.0,3.2686869039361364,6.1358152167736835,1991,NIGERIA
5.329922149021549,6.0,3.8920120197483667,6.767832278294731,1992,NIGERIA
4.994903393116096,6.0,3.557882345677366,6.431924440554826,1993,NIGERIA
4.985818667341842,4.0,3.5477190761017106,6.423918258581974,1994,NIGERIA
4.976327476194515,5.0,3.539571540529023,6.413083411860008,1995,NIGERIA
5.069093287989532,6.0,3.6318134879984614,6.506373087980603,1996,NIGERIA
5.263943189880868,4.0,3.8214665873743883,6.706419792387347,1997,NIGERIA
5.484910690219645,6.0,4.033413869571106,6.936407510868184,1998,NIGERIA
5.625013020482388,7.0,4.16262856048843,7.087397480476347,1999,NIGERIA
5.601731417776923,6.0,4.127185959855597,7.07627687569825,2000,NIGERIA
1.3540560301307822,2.0,-0.1318609447218877,2.8399730049834524,1983,GABON
1.1577848766060868,1.0,-0.31771253156849233,2.633282284780666,1984,GABON
1.1320658087524804,0.0,-0.3341223134151814,2.5982539309201425,1985,GABON
1.2420628887720337,1.0,-0.21603622608510986,2.7001620036291776,1986,GABON
1.4818176173655564,2.0,0.031022131550512144,2.932613103180601,1987,GABON
1.6583023131484549,1.0,0.21474597117161665,3.101858655125293,1988,GABON
1.7657741699337144,4.0,0.32916950535625666,3.202378834511172,1989,GABON
1.8087882944347988,1.0,0.37760186915478244,3.239974719714815,1990,GABON
1.8214925621066236,0.0,0.3929547476459112,3.250030376567336,1991,GABON
1.8298423735213531,3.0,0.4009005443350129,3.2587842027076936,1992,GABON
1.7732770711119064,4.0,0.341021939826897,3.205532202396916,1993,GABON
1.710009024842105,0.0,0.2697683907640822,3.150249658920128,1994,GABON
1.4984193699811728,1.0,0.05370867261190582,2.94313006735044,1995,GABON
1.3816803027595088,2.0,-0.07019532700324382,2.8335559325222617,1996,GABON
1.3156800188823807,1.0,-0.14362054513257871,2.7749805828973404,1997,GABON
1.2989782245690926,2.0,-0.16850754321590822,2.7664639923540935,1998,GABON
1.3315222539255371,0.0,-0.14507269256209177,2.8081172004131663,1999,GABON
1.4474745051232571,2.0,-0.04057745620681463,2.9355264664533287,2000,GABON
3.5369279041062,4.0,2.045857495374567,5.027998312837833,1983,C-AFR-R
3.3938255222280715,3.0,1.9087527340643315,4.878898310391811,1984,C-AFR-R
3.2339685090156056,3.0,1.754261958632152,4.713675059399059,1985,C-AFR-R
3.116141029828001,4.0,1.6404128867391896,4.591869172916812,1986,C-AFR-R
3.1338426273182596,2.0,1.6607032726001862,4.6069819820363325,1987,C-AFR-R
3.2766043980737267,2.0,1.8060714018647621,4.747137394282691,1988,C-AFR-R
3.4746419520254017,4.0,2.0077898252305344,4.941494078820269,1989,C-AFR-R
3.595375136732671,5.0,2.13237628056423,5.058373992901112,1990,C-AFR-R
3.539571305681482,4.0,2.078920130580624,5.000222480782339,1991,C-AFR-R
3.353408967275481,2.0,1.89270674095564,4.814111193595322,1992,C-AFR-R
3.1256927915372548,3.0,1.6626283052593032,4.588757277815207,1993,C-AFR-R
2.973344689730098,3.0,1.506482503237514,4.440206876222682,1994,C-AFR-R
2.965914161791975,3.0,1.4955053176205113,4.436323005963439,1995,C-AFR-R
3.1518235808772803,2.0,1.6789173823264534,4.624729779428107,1996,C-AFR-R
3.477909914986776,4.0,2.0025312652751115,4.953288564698441,1997,C-AFR-R
3.89336277188635,3.0,2.414022192227715,5.372703351544985,1998,C-AFR-R
4.272379690299567,5.0,2.7875920557286262,5.757167324870507,1999,C-AFR-R
4.486835551159425,6.0,2.996006390089427,5.977664712229423,2000,C-AFR-R
4.918366246959681,4.0,3.50369122321702,6.333041270702342,1986,CHAD
5.304025593166376,3.0,3.9202975008415732,6.687753685491178,1987,CHAD
5.848146248778415,7.0,4.4908482907877225,7.205444206769107,1988,CHAD
5.733237899867242,8.0,4.411830921158492,7.054644878575992,1989,CHAD
6.121200004515511,5.0,4.836283617360722,7.406116391670299,1990,CHAD
6.059340646496705,7.0,4.811194970815991,7.307486322177419,1991,CHAD
5.819891659081943,7.0,4.59061615565125,7.049167162512636,1992,CHAD
5.605582651637311,5.0,4.3782475773838385,6.832917725890784,1993,CHAD
5.28618360548584,5.0,4.058178997876972,6.514188213094709,1994,CHAD
5.705850580281509,5.0,4.459518317653739,6.952182842909279,1995,CHAD
5.684621973671475,6.0,4.4056950187449075,6.963548928598042,1996,CHAD
5.652134505488311,7.0,4.3327844270141345,6.9714845839624875,1997,CHAD
5.55408046510157,5.0,4.200579879357161,6.9075810508459785,1998,CHAD
5.375455445164582,5.0,3.9934181323464877,6.757492757982677,1999,CHAD
5.2936383439235914,5.0,3.8808531827845325,6.70642350506265,2000,CHAD
3.0998276362457267,2.0,1.6100051146056427,4.589650157885811,1983,CONGO
3.4134118649946092,4.0,1.9307118150221687,4.89611191496705,1984,CONGO
3.3613715391375116,3.0,1.882738871478256,4.840004206796767,1985,CONGO
3.3229129139057214,3.0,1.8465949426009216,4.799230885210521,1986,CONGO
3.2848872645284004,3.0,1.8102269557056454,4.759547573351155,1987,CONGO
3.3087044337255787,3.0,1.8362526763869873,4.78115619106417,1988,CONGO
3.4654442934121072,4.0,1.995741549846087,4.935147036978128,1989,CONGO
3.847793317742179,2.0,2.378370618960444,5.317216016523914,1990,CONGO
4.201126020868534,3.0,2.7354472240993424,5.6668048176377255,1991,CONGO
4.566385084471403,8.0,3.100817950581477,6.0319522183613286,1992,CONGO
4.795189339970153,5.0,3.3282167013706063,6.2621619785697,1993,CONGO
4.924151718445941,4.0,3.45452830476108,6.393775132130802,1994,CONGO
5.033878244040377,4.0,3.5610588009448456,6.506697687135908,1995,CONGO
5.190685734016716,7.0,3.7152179378840966,6.6661535301493355,1996,CONGO
5.975825120762039,5.0,4.493355890110816,7.458294351413262,1997,CONGO
5.3505692836485075,8.0,3.8708298425480843,6.830308724748931,1998,CONGO
5.138925840556948,5.0,3.655536761571488,6.622314919542408,1999,CONGO
4.74117619668159,4.0,3.251774917451911,6.23057747591127,2000,CONGO
6.285947317581806,7.0,4.829489407214386,7.742405227949226,1984,ZAIRE
6.098729569680573,6.0,4.669287727749127,7.528171411612018,1985,ZAIRE
6.039132647006941,5.0,4.6328705243236,7.445394769690282,1986,ZAIRE
6.027745539505274,6.0,4.632289654177239,7.423201424833309,1987,ZAIRE
6.2408821523869165,5.0,4.835536605981652,7.646227698792181,1988,ZAIRE
6.516774861363247,8.0,5.087335186487155,7.9462145362393395,1989,ZAIRE
6.79669260417562,7.0,5.339240328741203,8.254144879610037,1990,ZAIRE
6.351650904499019,8.0,5.113608372643129,7.589693436354909,1983,UGANDA
5.535064478879385,6.0,4.297551254530179,6.772577703228592,1988,UGANDA
4.649721570971589,5.0,3.484342668224346,5.815100473718831,1989,UGANDA
4.342747519160463,4.0,3.2198313183534335,5.465663719967493,1990,UGANDA
4.285807583366512,3.0,3.2166271609950012,5.354988005738022,1991,UGANDA
4.326402747558353,4.0,3.3184451639474384,5.334360331169267,1992,UGANDA
4.37051661702714,5.0,3.398555591976572,5.342477642077707,1993,UGANDA
4.4261204522422055,4.0,3.4566770047329562,5.395563899751455,1994,UGANDA
4.752905153820917,6.0,3.7737676682137495,5.732042639428085,1995,UGANDA
5.3373984627749165,5.0,4.323392424970084,6.351404500579749,1996,UGANDA
5.2660798712145445,3.0,4.188619886313381,6.343539856115708,1997,UGANDA
4.6547036649659095,5.0,3.5241594716877005,5.7852478582441185,1998,UGANDA
4.774615822798891,6.0,3.603704293979686,5.945527351618097,1999,UGANDA
4.907886964679115,4.0,3.6748809084283,6.14089302092993,2000,UGANDA
3.0524103163863856,2.0,1.5661347205882516,4.538685912184519,1983,KENYA
3.015781047175781,3.0,1.5348210998029228,4.49674099454864,1984,KENYA
3.155827946446513,2.0,1.6781091344315695,4.633546758461456,1985,KENYA
3.4280066702541863,3.0,1.952005740895358,4.904007599613014,1986,KENYA
3.8109902139162037,5.0,2.334908383429169,5.287072044403239,1987,KENYA
4.041340269326066,4.0,2.5672807523800643,5.515399786272068,1988,KENYA
4.250272052528568,3.0,2.778455528754658,5.722088576302478,1989,KENYA
4.342403723928259,5.0,2.8740259119777223,5.810781535878795,1990,KENYA
4.30586571295786,6.0,2.840219915742473,5.771511510173246,1991,KENYA
4.175668382227612,3.0,2.7097673828251008,5.641569381630124,1992,KENYA
4.047601821146753,4.0,2.5779524778074876,5.517251164486018,1993,KENYA
4.110968024292954,4.0,2.636254053812536,5.585681994773372,1994,KENYA
4.323721702920481,4.0,2.8460971615503268,5.8013462442906345,1995,KENYA
4.709090305624541,4.0,3.2298391966855045,6.188341414563577,1996,KENYA
5.1888589019995806,6.0,3.709148449882869,6.668569354116292,1997,KENYA
5.440219386135767,7.0,3.9601162564023324,6.920322515869201,1998,KENYA
5.376126222265775,6.0,3.892286875134686,6.859965569396864,1999,KENYA
5.216095325175674,5.0,3.728176479246089,6.704014171105259,2000,KENYA
3.979556970357551,3.0,2.6986831935099147,5.260430747205187,1988,TANZANIA
3.887425007960018,5.0,2.7134150132812445,5.061435002638792,1989,TANZANIA
3.76391500052647,5.0,2.6721280822240407,4.855701918828899,1990,TANZANIA
3.5080274922621615,1.0,2.4255865659324582,4.590468418591865,1991,TANZANIA
3.3926526420710514,4.0,2.2603246339175396,4.524980650224563,1992,TANZANIA
2.7634263839903572,2.0,1.5888976395248884,3.937955128455826,1993,TANZANIA
2.9171266238899523,3.0,1.7319058120701585,4.102347435709746,1994,TANZANIA
3.1449346370761986,3.0,1.977358152132186,4.3125111220202115,1995,TANZANIA
3.466970799988636,4.0,2.347969837392217,4.585971762585055,1996,TANZANIA
3.7455897421229207,3.0,2.675439436853213,4.815740047392628,1997,TANZANIA
4.0086174934598535,4.0,2.924919883261003,5.092315103658704,1998,TANZANIA
4.13930605072938,5.0,2.966726685663229,5.3118854157955315,1999,TANZANIA
4.255544586112022,5.0,2.977641380111683,5.53344779211236,2000,TANZANIA
3.598734817956813,4.0,2.2350695550486153,4.96240008086501,1983,BURUNDI
3.361366009743694,2.0,2.0428079318734076,4.679924087613981,1984,BURUNDI
3.25471845977275,3.0,1.9755954489195187,4.5338414706259815,1985,BURUNDI
3.36649038814718,2.0,2.125165453694839,4.607815322599521,1986,BURUNDI
3.641800463060495,5.0,2.419570775359098,4.864030150761892,1987,BURUNDI
4.6315904081177655,3.0,3.390434992849296,5.872745823386235,1988,BURUNDI
4.252119451387243,4.0,2.977599583334207,5.526639319440278,1989,BURUNDI
4.765391734941049,8.0,3.448512487388136,6.082270982493961,1990,BURUNDI
5.392782585366971,3.0,4.026144155385114,6.7594210153488286,1991,BURUNDI
6.200544094002552,7.0,5.028718272763974,7.372369915241131,1998,BURUNDI
6.306605791217373,7.0,5.200734831826221,7.4124767506085245,1999,BURUNDI
6.223672389892076,7.0,5.052729899890559,7.3946148798935925,2000,BURUNDI
2.530849126919534,0.0,1.0578407223983342,4.003857531440733,1983,RWANDA
2.3802222863285,2.0,0.919876447643152,3.8405681250138475,1984,RWANDA
2.3602387938034206,3.0,0.9090764225716212,3.81140116503522,1985,RWANDA
2.4949117177993045,2.0,1.0476126785896205,3.9422107570089886,1986,RWANDA
2.8470227390235987,1.0,1.3995453340337956,4.294500144013401,1987,RWANDA
3.4258000442863707,2.0,1.9772131608112138,4.8743869277615275,1988,RWANDA
4.179292135753575,5.0,2.731348855782918,5.627235415724232,1989,RWANDA
5.606570363838802,7.0,4.161894668809517,7.051246058868087,1990,RWANDA
6.26560146467086,6.0,4.826107858092838,7.705095071248882,1991,RWANDA
6.73513892308524,7.0,5.296386867802187,8.173890978368293,1992,RWANDA
7.056007752889006,8.0,5.612947027535972,8.499068478242041,1993,RWANDA
7.261385111909076,8.0,5.8124047893630175,8.710365434455136,1994,RWANDA
6.484285665656924,7.0,5.033706670621326,7.934864660692522,1995,RWANDA
6.194753999185666,8.0,4.744629410416141,7.6448785879551915,1996,RWANDA
6.516245762905167,6.0,5.064774152479581,7.967717373330753,1997,RWANDA
5.486627807556749,5.0,4.0336760388818185,6.939579576231679,1998,RWANDA
5.184525543248997,6.0,3.7234731490950264,6.645577937402967,1999,RWANDA
4.969757665564417,5.0,3.496443136487256,6.443072194641578,2000,RWANDA
6.180703062222643,6.0,4.70932784697941,7.652078277465876,1983,ETHIOPIA
6.269252398173307,5.0,4.814410009955308,7.724094786391305,1984,ETHIOPIA
6.495580670368224,7.0,5.051288219237042,7.9398731214994065,1985,ETHIOPIA
6.737828944114383,7.0,5.297593002186802,8.178064886041964,1986,ETHIOPIA
6.9519126212052464,7.0,5.50818431871382,8.395640923696673,1987,ETHIOPIA
7.1099653027049134,7.0,5.654685204021233,8.565245401388594,1988,ETHIOPIA
7.225863428479457,8.0,5.752247704254128,8.699479152704786,1989,ETHIOPIA
3.2820387066527483,4.0,1.9029087960338977,4.661168617271599,1995,ERITREA
3.1524396678467843,3.0,1.763332196507883,4.541547139185686,1996,ERITREA
3.048235662316589,2.0,1.6310901154651063,4.465381209168072,1997,ERITREA
3.0868801402898822,4.0,1.6670507303636948,4.50670955021607,1998,ERITREA
3.1468677855178697,2.0,1.7552141764094609,4.538521394626279,1999,ERITREA
3.2746647770980775,4.0,1.8931231511951534,4.6562064030010015,2000,ERITREA
4.893308188748129,5.0,3.6915492023501737,6.0950671751460845,1983,ANGOLA
4.6724571248870745,3.0,3.4689495426882893,5.87596470708586,1984,ANGOLA
4.665333638715831,4.0,3.3889802378867744,5.941687039544887,1985,ANGOLA
4.8818101898318655,5.0,3.5422585290230675,6.221361850640664,1986,ANGOLA
5.23738153421403,4.0,3.8973560075888045,6.577407060839256,1987,ANGOLA
5.632130378578767,7.0,4.354804757980869,6.909455999176664,1988,ANGOLA
5.981314111231181,5.0,4.7775404270902975,7.185087795372064,1989,ANGOLA
6.245947170085128,7.0,5.0460032868473235,7.445891053322933,1990,ANGOLA
6.920633651139607,8.0,5.50233018840317,8.338937113876042,1995,ANGOLA
6.9167254882612,8.0,5.515957846213186,8.317493130309213,1996,ANGOLA
7.41885338819183,7.0,6.024889172148954,8.812817604234708,1997,ANGOLA
6.605866764504723,6.0,5.215942908469627,7.99579062053982,1998,ANGOLA
6.494191048709104,7.0,5.093881366877594,7.8945007305406145,1999,ANGOLA
6.41820319344333,7.0,4.997395706359441,7.839010680527219,2000,ANGOLA
5.918306990202303,6.0,4.454990919794481,7.381623060610124,1983,MOZAMBIQ
5.989792685753643,7.0,4.546606272216158,7.432979099291128,1984,MOZAMBIQ
5.920566062093127,6.0,4.496677492100636,7.344454632085618,1985,MOZAMBIQ
5.752292651298029,6.0,4.3450237757642824,7.159561526831775,1986,MOZAMBIQ
5.500246391304719,5.0,4.10501804912055,6.895474733488888,1987,MOZAMBIQ
5.2581552539583205,6.0,3.8685596047512614,6.647750903165379,1988,MOZAMBIQ
5.0327697449503725,4.0,3.6444645793505046,6.4210749105502405,1989,MOZAMBIQ
4.826008918837864,5.0,3.4380404580310477,6.213977379644681,1990,MOZAMBIQ
4.6319584910533305,6.0,3.2440803193616548,6.019836662745006,1991,MOZAMBIQ
4.5330297031080296,2.0,3.1433832054065514,5.922676200809508,1992,MOZAMBIQ
4.276144986705432,5.0,2.8833831371808145,5.66890683623005,1993,MOZAMBIQ
3.832344630341926,3.0,2.437264062480655,5.227425198203197,1994,MOZAMBIQ
4.048446412715013,4.0,2.654166321381849,5.442726504048176,1995,MOZAMBIQ
4.335806363043671,5.0,2.934365445148319,5.737247280939023,1996,MOZAMBIQ
4.531150038335048,4.0,3.1162179802360805,5.946082096434016,1997,MOZAMBIQ
4.575122826983346,5.0,3.1430666082167,6.007179045749993,1998,MOZAMBIQ
4.554156090037253,6.0,3.103226867049856,6.00508531302465,1999,MOZAMBIQ
4.4603410000277215,3.0,2.992059509552448,5.928622490502995,2000,MOZAMBIQ
2.5215939705942163,3.0,1.0480687687452634,3.995119172443169,1983,ZAMBIA
2.8775458719524063,2.0,1.414300312980131,4.340791430924682,1984,ZAMBIA
2.9604291501013185,2.0,1.5000922871356952,4.420766013066942,1985,ZAMBIA
3.1605778870967085,4.0,1.697418639586506,4.623737134606911,1986,ZAMBIA
3.3864559038896824,3.0,1.9199975578848154,4.85291424989455,1987,ZAMBIA
3.526449222356251,4.0,2.0610262026018207,4.991872242110682,1988,ZAMBIA
3.541086299535876,4.0,2.080963121213275,5.0012094778584775,1989,ZAMBIA
3.4443335547448,4.0,1.9899257689950656,4.898741340494535,1990,ZAMBIA
2.675040352348367,1.0,1.2239164057351917,4.126164298961543,1991,ZAMBIA
2.675406452284515,4.0,1.2251715500460503,4.12564135452298,1992,ZAMBIA
2.8151038603747494,2.0,1.361670930584672,4.268536790164827,1993,ZAMBIA
3.0851174499320506,2.0,1.6246088690844087,4.545626030779692,1994,ZAMBIA
3.3004973376947455,5.0,1.8322169880526795,4.7687776873368115,1995,ZAMBIA
4.038242091147633,5.0,2.5677180346448765,5.508766147650389,1996,ZAMBIA
3.8470366750801634,4.0,2.380181484958733,5.313891865201594,1997,ZAMBIA
3.620579909465238,3.0,2.157207966732048,5.083951852198428,1998,ZAMBIA
3.351087010676683,3.0,1.8863779246475256,4.81579609670584,1999,ZAMBIA
3.2133240976733988,3.0,1.7400602821987328,4.686587913148065,2000,ZAMBIA
5.076365079153171,8.0,3.6001238329780687,6.552606325328274,1983,ZIMBABWE
5.243546511433009,7.0,3.780536428631444,6.706556594234574,1984,ZIMBABWE
4.587910833840143,3.0,3.1341061181511454,6.04171554952914,1985,ZIMBABWE
3.9497180238815126,3.0,2.505214613754515,5.394221434008511,1986,ZIMBABWE
3.7256430532959715,2.0,2.2849648995493794,5.1663212070425635,1987,ZIMBABWE
3.7932854154227305,4.0,2.3552112935707745,5.231359537274686,1988,ZIMBABWE
3.9311439920707008,6.0,2.4940606294769596,5.368227354664442,1989,ZIMBABWE
3.934680741103019,4.0,2.4967558930945133,5.372605589111525,1990,ZIMBABWE
4.194574133581159,3.0,2.7558427636893907,5.633305503472927,1991,ZIMBABWE
4.055068411139697,4.0,2.6151043253124735,5.49503249696692,1992,ZIMBABWE
3.290723573589177,2.0,1.8497170920648562,4.7317300551134975,1993,ZIMBABWE
3.1910145764420266,4.0,1.7495682496385019,4.632460903245551,1994,ZIMBABWE
3.140631862046936,4.0,1.6978238577156106,4.583439866378262,1995,ZIMBABWE
3.0153465291332804,2.0,1.570807142749264,4.4598859155172965,1996,ZIMBABWE
3.0208157178745094,2.0,1.5732509438404891,4.46838049190853,1997,ZIMBABWE
3.2281353264351043,2.0,1.7745464312559387,4.68172422161427,1998,ZIMBABWE
3.5990607116645377,4.0,2.1353399756061506,5.062781447722925,1999,ZIMBABWE
3.987100194175488,5.0,2.510896213431084,5.463304174919892,2000,ZIMBABWE
3.1455578254910543,4.0,1.6702522565300448,4.620863394452064,1983,MALAWI
3.2167999874599085,3.0,1.7546221186104656,4.678977856309351,1984,MALAWI
3.2667932448915797,2.0,1.8195705538082871,4.714015935974873,1985,MALAWI
3.47405835163239,4.0,2.0375191960827523,4.910597507182028,1986,MALAWI
3.6647401063142584,4.0,2.237353047268959,5.092127165359558,1987,MALAWI
3.708645252603048,5.0,2.289972037043591,5.127318468162505,1988,MALAWI
3.6083927630480828,4.0,2.1963700602346368,5.020415465861529,1989,MALAWI
3.221155030097756,2.0,1.8193944739695738,4.622915586225938,1990,MALAWI
2.8548305785244734,4.0,1.4585605923794178,4.251100564669529,1991,MALAWI
2.692345369710236,2.0,1.294858519149511,4.089832220270962,1992,MALAWI
2.5673716033503253,2.0,1.1648348143080582,3.9699083923925924,1993,MALAWI
2.4968995208166698,1.0,1.0831544109484774,3.910644630684862,1994,MALAWI
2.552365954376161,4.0,1.129801522358839,3.9749303863934835,1995,MALAWI
2.5901889863662593,4.0,1.1574592666579033,4.022918706074615,1996,MALAWI
2.6377276493468527,1.0,1.1951481925387166,4.080307106154988,1997,MALAWI
2.4528267587018524,3.0,1.0010423100462797,3.904611207357425,1998,MALAWI
2.3933763047417234,1.0,0.9299223462763815,3.8568302632070655,1999,MALAWI
2.4493643314067155,3.0,0.9723061819806835,3.9264224808327475,2000,MALAWI
6.771901216910171,6.0,5.369664081562142,8.1741383522582,1983,S-AFRICA
7.030777277789501,8.0,5.712608306701552,8.34894624887745,1984,S-AFRICA
7.114629227161152,8.0,5.887666633682595,8.34159182063971,1985,S-AFRICA
7.01301720549887,7.0,5.860764305197234,8.165270105800506,1986,S-AFRICA
6.808217542734654,8.0,5.696179894997161,7.9202551904721465,1987,S-AFRICA
6.661927653790464,5.0,5.5540031354237325,7.769852172157195,1988,S-AFRICA
6.188311876040207,6.0,5.0652734318266734,7.311350320253741,1989,S-AFRICA
5.724795062580794,6.0,4.582032796981582,6.867557328180006,1990,S-AFRICA
5.896266522461866,6.0,4.742239838086982,7.050293206836751,1991,S-AFRICA
5.269769057103778,7.0,4.11611271570034,6.423425398507216,1992,S-AFRICA
4.942096507272812,6.0,3.8015327758063027,6.0826602387393205,1993,S-AFRICA
4.618813128528155,3.0,3.4941941813017827,5.7434320757545265,1994,S-AFRICA
4.296045481961288,3.0,3.176388968368604,5.415701995553972,1995,S-AFRICA
4.105031666849383,5.0,2.96707387974046,5.242989453958306,1996,S-AFRICA
4.00125659816222,4.0,2.815470974356212,5.187042221968228,1997,S-AFRICA
3.910784120987522,4.0,2.65269254769072,5.168875694284324,1998,S-AFRICA
4.290244888679387,4.0,2.9502232917272853,5.6302664856314895,1999,S-AFRICA
4.26406048772734,3.0,2.85445882367594,5.67366215177874,2000,S-AFRICA
1.7476597247335872,2.0,0.7036735584959308,2.7916458909712434,1991,NAMIBIA
1.6507384128346867,1.0,0.7096567022283705,2.591820123441003,1992,NAMIBIA
1.6048756275249207,1.0,0.6875161012973569,2.5222351537524847,1993,NAMIBIA
1.6765660945820189,3.0,0.747160678472296,2.6059715106917416,1994,NAMIBIA
2.1792051282076534,1.0,1.2395486913480522,3.1188615650672546,1995,NAMIBIA
2.3997010460458488,2.0,1.4594409219988913,3.3399611700928062,1996,NAMIBIA
2.683923854663722,2.0,1.7530312694281727,3.6148164398992715,1997,NAMIBIA
2.9900581596059603,5.0,2.0694888225594035,3.910627496652517,1998,NAMIBIA
3.040641542777264,3.0,2.09712587685681,3.984157208697718,1999,NAMIBIA
3.0568941029385974,3.0,2.016382091899195,4.097406113978,2000,NAMIBIA
3.5594614762305112,4.0,2.3218291476840407,4.797093804776981,1983,LESOTHO
3.3447530629448154,4.0,2.1728433819972848,4.516662743892346,1984,LESOTHO
3.0519601365069633,4.0,1.9049502812379269,4.198969991776,1985,LESOTHO
2.8520735199640646,1.0,1.7155033416160146,3.9886436983121145,1986,LESOTHO
2.8804168512469115,2.0,1.7836389230930658,3.977194779400757,1987,LESOTHO
3.1282078006801757,3.0,2.127340989242683,4.129074612117668,1988,LESOTHO
3.454383096919895,4.0,2.5550230102060922,4.353743183633698,1989,LESOTHO
3.6744266975477755,6.0,2.7694603055241647,4.579393089571386,1990,LESOTHO
3.708966762265132,3.0,2.6942527449078058,4.723680779622459,1991,LESOTHO
3.9719152721340993,2.0,2.8561654712001463,5.087665073068052,1992,LESOTHO
3.0577309497376266,5.0,1.9016244065322716,4.213837492942981,1993,LESOTHO
2.727991083086283,4.0,1.563314168900182,3.892667997272384,1994,LESOTHO
2.4507151087241557,1.0,1.2646967445318724,3.636733472916439,1995,LESOTHO
2.14780055289392,1.0,0.906648396603662,3.3889527091841782,1996,LESOTHO
0.7027045409437515,1.0,-0.7856659487420704,2.191075030629573,1983,BOTSWANA
0.6310623533159934,0.0,-0.8491489281845963,2.111273634816583,1984,BOTSWANA
0.6447872922801482,0.0,-0.8274948050820873,2.1170693896423836,1985,BOTSWANA
0.7342217370404438,1.0,-0.7314398740088697,2.1998833480897573,1986,BOTSWANA
0.8509997823318186,1.0,-0.6101312476739099,2.3121308123375472,1987,BOTSWANA
0.9453903313463528,1.0,-0.5132610745267188,2.4040417372194245,1988,BOTSWANA
1.027932942710593,1.0,-0.429472457332293,2.485338342753479,1989,BOTSWANA
1.1124826288163798,1.0,-0.34424157449284,2.5692068321256,1990,BOTSWANA
1.196031798360425,1.0,-0.26032816309573437,2.6523917598165845,1991,BOTSWANA
1.2759211167186821,2.0,-0.18002166331440916,2.7318638967517734,1992,BOTSWANA
1.3257081378165947,1.0,-0.12988574543457831,2.7813020210677677,1993,BOTSWANA
1.3333789151405386,2.0,-0.12262032320315841,2.7893781534842357,1994,BOTSWANA
1.3091457175585979,1.0,-0.14841060217970448,2.7667020372969002,1995,BOTSWANA
1.2591728026417044,1.0,-0.20152363066653556,2.719869235949944,1996,BOTSWANA
1.1802847109580505,2.0,-0.2857984342164377,2.6463678561325388,1997,BOTSWANA
1.1348721884024162,1.0,-0.3392066282792443,2.6089510050840765,1998,BOTSWANA
1.0206891866630716,1.0,-0.46155284022422505,2.5029312135503683,1999,BOTSWANA
1.3328900562380954,1.0,-0.15844072142069954,2.8242208338968906,2000,BOTSWANA
2.7007181982641484,3.0,1.2091734943244294,4.1922629022038675,1983,SWAZILI
2.8778952915000655,2.0,1.3933473575703,4.362443225429831,1984,SWAZILI
3.141602228376442,3.0,1.6625855919883419,4.620618864764542,1985,SWAZILI
3.186148084766631,5.0,1.715289196581069,4.657006972952193,1986,SWAZILI
3.1115840122408316,3.0,1.6468401898701548,4.576327834611508,1987,SWAZILI
2.8730520125082166,3.0,1.4139508873351538,4.33215313768128,1988,SWAZILI
2.546684453179529,3.0,1.0924935521139807,4.0008753542450775,1989,SWAZILI
2.2693098405786727,1.0,0.8188214622445422,3.7197982189128034,1990,SWAZILI
2.147405252892127,2.0,0.6988502011456001,3.5959603046386537,1991,SWAZILI
2.1995096849651503,3.0,0.7505971303240988,3.6484222396062016,1992,SWAZILI
2.378101886377343,1.0,0.9266586047556233,3.829545167999063,1993,SWAZILI
2.599350805916689,3.0,1.1439312320011215,4.054770379832257,1994,SWAZILI
2.7563603934733125,3.0,1.2961438795197753,4.21657690742685,1995,SWAZILI
2.773063680046386,4.0,1.3075531692785989,4.238574190814173,1996,SWAZILI
2.644542415755833,2.0,1.1733260089911506,4.115758822520515,1997,SWAZILI
2.437429935154637,2.0,0.9599598588958334,3.914900011413441,1998,SWAZILI
2.24415059807707,3.0,0.759902167266572,3.728399028887568,1999,SWAZILI
2.138494988451045,1.0,0.647431022108995,3.6295589547930955,2000,SWAZILI
3.7824540348827744,5.0,2.297369822539702,5.267538247225847,1983,MADAGASC
3.8456092647293065,3.0,2.3703204711020387,5.320898058356574,1984,MADAGASC
3.933916774475482,3.0,2.4666040515973693,5.401229497353595,1985,MADAGASC
4.028492014631822,6.0,2.565365983096015,5.491618046167629,1986,MADAGASC
4.102045607588005,4.0,2.6394065271886324,5.564684687987378,1987,MADAGASC
4.146599178552659,4.0,2.6824955492988165,5.6107028078065015,1988,MADAGASC
4.198912318499963,4.0,2.733186696039837,5.664637940960089,1989,MADAGASC
4.287992396160396,6.0,2.821311379063865,5.754673413256928,1990,MADAGASC
4.391594168107747,2.0,2.924586859959701,5.858601476255792,1991,MADAGASC
3.7053794253928913,6.0,2.238610120931018,5.172148729854765,1992,MADAGASC
3.4535606719322436,4.0,1.9884535312614624,4.918667812603025,1993,MADAGASC
2.9637693627846025,4.0,1.500314811345522,4.427223914223683,1994,MADAGASC
2.34770887396246,1.0,0.8858548828918709,3.8095628650330493,1995,MADAGASC
1.7977402193222742,1.0,0.3367681452258775,3.2587122934186707,1996,MADAGASC
1.4555544906902822,1.0,-0.006697025037230242,2.917806006417795,1997,MADAGASC
1.3626123905062275,1.0,-0.1044868440765303,2.8297116250889855,1998,MADAGASC
1.4724023212920319,1.0,-0.003107797344700236,2.947912439928764,1999,MADAGASC
1.7099356278653206,1.0,0.2242775733904374,3.1955936823402036,2000,MADAGASC
0.44254541901750843,0.0,-1.0417263239754848,1.9268171620105017,1983,MAURTIUS
0.3246031386851278,0.0,-1.1500369906921362,1.7992432680623918,1984,MAURTIUS
0.2950428466291861,0.0,-1.1714878476058599,1.7615735408642321,1985,MAURTIUS
0.36361204329497,0.0,-1.0972808611989668,1.824504947788907,1986,MAURTIUS
0.5033550007351556,0.0,-0.95398499785088,1.9606949993211913,1987,MAURTIUS
0.6711406797303566,1.0,-0.7840047404793792,2.1262860999400925,1988,MAURTIUS
0.8331049385552487,1.0,-0.6208891796876288,2.287099056798126,1989,MAURTIUS
0.9761201367156315,1.0,-0.47757362609184517,2.4298138995231082,1990,MAURTIUS
1.0986512401083983,0.0,-0.35535776551062837,2.552660245727425,1991,MAURTIUS
1.1809907563259676,2.0,-0.27385547935282695,2.635836992004762,1992,MAURTIUS
1.2650784134281705,2.0,-0.1898417732598161,2.719998600116157,1993,MAURTIUS
1.229133062814288,1.0,-0.225702661523846,2.683968787152422,1994,MAURTIUS
1.2753238540320049,1.0,-0.18179922457268383,2.7324469326366936,1995,MAURTIUS
1.3080139662930539,1.0,-0.1488571143794275,2.764885046965535,1996,MAURTIUS
1.5229972073474567,1.0,0.06302317555118897,2.9829712391437244,1997,MAURTIUS
1.7814780549598983,3.0,0.31591869028354713,3.2470374196362495,1998,MAURTIUS
1.9633169886950954,2.0,0.48942712384196074,3.43720685354823,1999,MAURTIUS
1.9854532063480157,3.0,0.5016929420806955,3.469213470615336,2000,MAURTIUS
4.509664712164671,4.0,3.004875156389185,6.014454267940158,1983,MOROCCO
4.086251931426086,4.0,2.606526933030514,5.565976929821659,1984,MOROCCO
4.0759915931345585,6.0,2.6027612766900408,5.549221909579076,1985,MOROCCO
4.0745275327040815,3.0,2.606645690999547,5.542409374408616,1986,MOROCCO
4.165395674791671,3.0,2.700966564265718,5.6298247853176235,1987,MOROCCO
4.304483214914088,4.0,2.840937388329957,5.7680290414982185,1988,MOROCCO
4.4492222212461705,7.0,2.9848704438120173,5.913573998680324,1989,MOROCCO
4.556337594572819,4.0,3.090176317572355,6.022498871573282,1990,MOROCCO
4.49568381943263,4.0,3.0291289236518297,5.96223871521343,1991,MOROCCO
4.353228560363406,5.0,2.8860655662707018,5.82039155445611,1992,MOROCCO
4.348209399450349,4.0,2.878899351036023,5.817519447864675,1993,MOROCCO
4.321161149851602,4.0,2.8517925730949862,5.790529726608218,1994,MOROCCO
4.23315759602633,5.0,2.7637673352117123,5.702547856840948,1995,MOROCCO
4.056337333650295,5.0,2.5861125608975843,5.526562106403006,1996,MOROCCO
3.8250336348968137,2.0,2.3500648159978095,5.300002453795818,1997,MOROCCO
3.735298948116373,4.0,2.2584805706927273,5.212117325540019,1998,MOROCCO
3.680928295464409,4.0,2.198958089495329,5.162898501433489,1999,MOROCCO
3.7070496663927868,3.0,2.2188120629170536,5.19528726986852,2000,MOROCCO
2.9002251106850925,3.0,1.4231901962939875,4.377260025076198,1983,ALGERIA
2.7470477265059445,1.0,1.2781204361310003,4.215975016880889,1984,ALGERIA
2.775421937702504,2.0,1.3100477245136775,4.24079615089133,1985,ALGERIA
2.9400115184306994,3.0,1.47458098228674,4.405442054574658,1986,ALGERIA
3.1504269295567884,4.0,1.6836304321610678,4.617223426952509,1987,ALGERIA
3.427967014787915,3.0,1.9577423563309286,4.898191673244901,1988,ALGERIA
4.093714821388096,3.0,2.6259706789380264,5.561458963838165,1989,ALGERIA
4.465057868358509,4.0,3.000431235822682,5.929684500894337,1990,ALGERIA
4.936117560368956,6.0,3.473741587201338,6.398493533536573,1991,ALGERIA
6.063910654441247,6.0,4.594778389161308,7.5330429197211854,1992,ALGERIA
5.793146947912271,6.0,4.326419603896089,7.259874291928452,1993,ALGERIA
6.064739473159352,8.0,4.595398752300829,7.534080194017875,1994,ALGERIA
6.086478171312508,5.0,4.61709490944804,7.555861433176975,1995,ALGERIA
5.947823062880334,8.0,4.479219776222206,7.416426349538463,1996,ALGERIA
5.68608475411871,4.0,4.218648102980888,7.153521405256532,1997,ALGERIA
5.328953811164572,8.0,3.8619687255342683,6.795938896794876,1998,ALGERIA
4.95183990341201,4.0,3.481953775946277,6.421726030877743,1999,ALGERIA
4.637762599825194,4.0,3.1601592782171104,6.115365921433279,2000,ALGERIA
3.1272117916863853,2.0,1.6437569508200154,4.610666632552755,1983,TUNISIA
3.163068020732166,3.0,1.6889776106041832,4.637158430860149,1984,TUNISIA
3.1899275104679328,5.0,1.722820114552545,4.657034906383321,1985,TUNISIA
3.2090184040440266,2.0,1.7453112373051984,4.6727255707828546,1986,TUNISIA
3.297870675694728,3.0,1.8335459719892055,4.76219537940025,1987,TUNISIA
3.4327546742260386,3.0,1.9709255344546965,4.8945838139973805,1988,TUNISIA
3.6381328803237687,4.0,2.1793363887002237,5.096929371947313,1989,TUNISIA
3.855178480329529,4.0,2.399209365211157,5.311147595447901,1990,TUNISIA
4.063016960793279,4.0,2.6079287382976886,5.518105183288869,1991,TUNISIA
4.069163153171045,5.0,2.6139828481424674,5.524343458199623,1992,TUNISIA
3.9018562669947006,4.0,2.4439414815076312,5.35977105248177,1993,TUNISIA
3.8009072185135517,4.0,2.341119829255785,5.260694607771319,1994,TUNISIA
3.673732261139638,2.0,2.2112956658785783,5.1361688564006975,1995,TUNISIA
3.6157783741067324,5.0,2.1516822441582404,5.0798745040552244,1996,TUNISIA
3.6371856935060927,4.0,2.1716531425397467,5.102718244472438,1997,TUNISIA
3.707279567301462,2.0,2.2384563668428785,5.176102767760046,1998,TUNISIA
3.7837682267942614,5.0,2.308371684077434,5.259164769511089,1999,TUNISIA
3.8318214724262223,4.0,2.3474142658967727,5.316228678955672,2000,TUNISIA
5.152705441916806,4.0,3.6711035996436254,6.634307284189987,1983,SUDAN
4.4220597829586,3.0,2.9515948112483783,5.8925247546688215,1984,SUDAN
4.707043614758388,5.0,3.2404190303749587,6.173668199141817,1985,SUDAN
4.844204681692162,3.0,3.3813337705777506,6.307075592806573,1986,SUDAN
5.414979796539774,6.0,3.954410794660161,6.875548798419388,1987,SUDAN
6.030501081532588,7.0,4.571968897794858,7.489033265270318,1988,SUDAN
7.061681726265211,7.0,5.607168503793446,8.516194948736976,1989,SUDAN
7.2380853199787145,7.0,5.787058952798115,8.689111687159313,1990,SUDAN
7.137429120978911,8.0,5.686919002732807,8.587939239225015,1991,SUDAN
7.059298423688119,8.0,5.610494916199815,8.508101931176423,1992,SUDAN
6.956638213285057,6.0,5.506202612828847,8.407073813741267,1993,SUDAN
6.998799639553587,6.0,5.545356271780574,8.4522430073266,1994,SUDAN
7.18461180243125,8.0,5.728015798178022,8.641207806684477,1995,SUDAN
7.438516406054003,8.0,5.979830651544901,8.897202160563104,1996,SUDAN
7.580918143425719,8.0,6.119230259095032,9.042606027756406,1997,SUDAN
7.652145709007257,8.0,6.187418776220932,9.116872641793583,1998,SUDAN
7.638241732903195,8.0,6.169098911475827,9.107384554330562,1999,SUDAN
7.4557114664934385,8.0,5.979005683250469,8.932417249736408,2000,SUDAN
6.755247736081144,7.0,5.271420115328013,8.239075356834276,1983,IRAN
6.630710693688938,7.0,5.152843280130375,8.108578107247501,1984,IRAN
7.161470386235629,7.0,5.687433951661834,8.635506820809423,1985,IRAN
7.053029964162886,7.0,5.5849739636202305,8.521085964705541,1986,IRAN
7.0328708691224335,7.0,5.56913484532215,8.496606892922717,1987,IRAN
7.024159439291727,6.0,5.562119061954222,8.486199816629231,1988,IRAN
6.371548131457543,7.0,4.91272202122616,7.830374241688927,1989,IRAN
6.3289679479352765,7.0,4.8726593905561915,7.7852765053143616,1990,IRAN
6.17072535006872,5.0,4.716173494466379,7.62527720567106,1991,IRAN
6.061885985879202,7.0,4.608194993503342,7.515576978255061,1992,IRAN
6.080814421085273,5.0,4.626079787945377,7.535549054225168,1993,IRAN
6.1704888716825375,6.0,4.713016808426158,7.627960934938917,1994,IRAN
6.392089984007737,6.0,4.932087962288194,7.85209200572728,1995,IRAN
6.683642819623824,7.0,5.22108914162626,8.146196497621387,1996,IRAN
6.934786868236164,7.0,5.46785175293527,8.401721983537058,1997,IRAN
7.073959658855051,8.0,5.600937513085925,8.546981804624178,1998,IRAN
7.071809825907423,7.0,5.593627490130394,8.549992161684452,1999,IRAN
6.96408300494465,7.0,5.481702826760905,8.446463183128394,2000,IRAN
4.488855409407947,4.0,3.008792625359613,5.968918193456281,1983,TURKEY
4.367289326716296,3.0,2.896123172920332,5.838455480512261,1984,TURKEY
4.2615318903047275,5.0,2.796763221635871,5.726300558973584,1985,TURKEY
4.1751457698914365,4.0,2.7118756847714844,5.638415855011388,1986,TURKEY
4.314730694899053,3.0,2.8549652598296156,5.77449612996849,1987,TURKEY
4.612118021360338,4.0,3.15702334993806,6.067212692782617,1988,TURKEY
4.968683302118582,5.0,3.5221902326988106,6.415176371538354,1989,TURKEY
5.394121342605291,6.0,3.957047390108065,6.831195295102517,1990,TURKEY
6.462648795716923,6.0,5.025469203074833,7.899828388359014,1991,TURKEY
6.324884901021632,6.0,4.894407012340338,7.755362789702927,1992,TURKEY
6.650357354785615,8.0,5.213388022756462,8.087326686814768,1993,TURKEY
6.9837162759298765,7.0,5.53948218751774,8.427950364342014,1994,TURKEY
7.042765368400097,8.0,5.591723756796757,8.493806980003438,1995,TURKEY
6.911650506942712,8.0,5.456493946381858,8.366807067503565,1996,TURKEY
6.649761737252671,6.0,5.192009437177338,8.107514037328004,1997,TURKEY
6.354255655039522,7.0,4.892744678281642,7.815766631797403,1998,TURKEY
6.102845160040011,6.0,4.6341463110535,7.571544009026522,1999,TURKEY
5.891110875309472,6.0,4.411821441661167,7.370400308957778,2000,TURKEY
3.504566039961089,4.0,2.018501202806706,4.990630877115472,1983,EGYPT.UAR
3.3850812544796023,2.0,1.9075458401534973,4.862616668805707,1984,EGYPT.UAR
3.436741950473974,3.0,1.965786845148695,4.907697055799252,1985,EGYPT.UAR
3.567400947965292,4.0,2.100600886980727,5.034201008949857,1986,EGYPT.UAR
3.7593026143518524,4.0,2.294884175789353,5.223721052914351,1987,EGYPT.UAR
3.8791861140245394,4.0,2.418838821109388,5.33953340693969,1988,EGYPT.UAR
3.913520464622117,4.0,2.457557796299829,5.369483132944405,1989,EGYPT.UAR
3.9891326444460304,3.0,2.536398216445958,5.441867072446103,1990,EGYPT.UAR
4.14440603922189,4.0,2.692924809838369,5.595887268605411,1991,EGYPT.UAR
4.253762465460893,5.0,2.7999953357163934,5.707529595205393,1992,EGYPT.UAR
4.415582592162798,5.0,2.9612756615760274,5.869889522749568,1993,EGYPT.UAR
4.39457718224768,4.0,2.936632967601976,5.852521396893384,1994,EGYPT.UAR
4.280589034150141,5.0,2.8188191427731732,5.7423589255271095,1995,EGYPT.UAR
4.161754969816943,4.0,2.6970446064708034,5.626465333163083,1996,EGYPT.UAR
4.117933528966979,3.0,2.6505964151988217,5.5852706427351375,1997,EGYPT.UAR
4.169223287353271,5.0,2.6978164284075916,5.64063014629895,1998,EGYPT.UAR
4.261201841679354,4.0,2.783428659848984,5.738975023509723,1999,EGYPT.UAR
4.327015095547699,5.0,2.841348212629575,5.8126819784658235,2000,EGYPT.UAR
6.654815361500954,7.0,5.171916843754045,8.137713879247862,1983,SYRIA
6.7147731982866725,7.0,5.24283778164649,8.186708614926854,1984,SYRIA
6.625364819254207,8.0,5.160479779576106,8.090249858932307,1985,SYRIA
6.3839128977735005,7.0,4.922133540404418,7.845692255142583,1986,SYRIA
6.119939039988266,5.0,4.6568258076323445,7.583052272344187,1987,SYRIA
5.746962062991052,5.0,4.2857136383628776,7.208210487619227,1988,SYRIA
4.883883145647145,6.0,3.4219801495440114,6.3457861417502786,1989,SYRIA
4.6766614370616955,5.0,3.213401795491043,6.139921078632348,1990,SYRIA
4.48336724776952,3.0,3.0191790505289244,5.947555445010115,1991,SYRIA
4.382582802817108,5.0,2.918891051222801,5.846274554411416,1992,SYRIA
4.275959331706329,4.0,2.8147633456209045,5.737155317791754,1993,SYRIA
4.417612119348355,3.0,2.9579160360872168,5.877308202609494,1994,SYRIA
4.61393936091373,5.0,3.1528282460847583,6.075050475742702,1995,SYRIA
4.787124147879007,5.0,3.3220200317862485,6.252228263971766,1996,SYRIA
5.030032762235702,5.0,3.5636110627776616,6.496454461693743,1997,SYRIA
5.097064437713157,5.0,3.6278127414191808,6.566316134007133,1998,SYRIA
5.0779065825166,6.0,3.60352177253367,6.55229139249953,1999,SYRIA
5.012071751039643,4.0,3.529621665331506,6.494521836747779,2000,SYRIA
3.43040972778736,4.0,1.9393806312271273,4.921438824347593,1983,JORDAN
3.4890209880316676,3.0,2.0050778435595467,4.9729641325037885,1984,JORDAN
3.436481575734173,4.0,1.960330669104423,4.9126324823639225,1985,JORDAN
3.211506293555009,4.0,1.7423876025102374,4.680624984599781,1986,JORDAN
2.8471682501262268,3.0,1.3829810999541916,4.311355400298262,1987,JORDAN
2.444989625107616,2.0,0.9834241149360241,3.906555135279208,1988,JORDAN
2.155835299539625,1.0,0.6951724168637821,3.6164981822154676,1989,JORDAN
2.0873768976430465,2.0,0.623675138119768,3.551078657166325,1990,JORDAN
2.2034226553911727,2.0,0.7417655400645298,3.6650797707178153,1991,JORDAN
2.43132137175983,2.0,0.9696635813904617,3.8929791621291985,1992,JORDAN
2.7595404447764764,2.0,1.2970202488676947,4.2220606406852585,1993,JORDAN
3.123357430157977,4.0,1.6584940656161007,4.588220794699854,1994,JORDAN
3.333739928242288,4.0,1.8674235275839144,4.800056328900661,1995,JORDAN
3.390354631320533,3.0,1.9214901113320602,4.859219151309006,1996,JORDAN
3.4335275956564097,3.0,1.9604601560383954,4.9065950352744245,1997,JORDAN
3.4948660666141014,4.0,2.015085603766745,4.974646529461458,1998,JORDAN
3.4016366508296834,4.0,1.9159763364650462,4.88729696519432,1999,JORDAN
3.3337775542846315,3.0,1.841895198623346,4.825659909945917,2000,JORDAN
4.533463938110397,4.0,3.067641948184218,5.999285928036576,1983,ISRAEL
4.524675235565924,5.0,3.076431341664228,5.972919129467621,1984,ISRAEL
4.605924865338944,4.0,3.1705435060269296,6.04130622465096,1985,ISRAEL
4.65558844342039,5.0,3.2292852005829173,6.081891686257863,1986,ISRAEL
4.726962156760385,4.0,3.3071906727125855,6.146733640808184,1987,ISRAEL
4.827653763643125,6.0,3.412867967416048,6.242439559870203,1988,ISRAEL
4.2849401080076195,3.0,2.872080507208266,5.697799708806973,1989,ISRAEL
4.3693535729621,5.0,2.955726283447217,5.782980862476983,1990,ISRAEL
4.471341843062122,5.0,3.0557043894589366,5.886979296665308,1991,ISRAEL
4.801412638656729,4.0,3.38644230947976,6.216382967833699,1992,ISRAEL
4.582476247832207,6.0,3.1662054157522235,5.9987470799121905,1993,ISRAEL
4.453972900468264,4.0,3.0395962349763517,5.868349565960176,1994,ISRAEL
4.335583067852592,3.0,2.916367290290494,5.7547988454146894,1995,ISRAEL
4.361662773883756,5.0,2.934748456856199,5.788577090911313,1996,ISRAEL
4.533937840250225,4.0,3.0991123496391246,5.968763330861325,1997,ISRAEL
4.77836468369524,5.0,3.335459870877305,6.221269496513175,1998,ISRAEL
4.999877515232269,5.0,3.5462478413035905,6.4535071891609475,1999,ISRAEL
5.110764702601097,6.0,3.6426704358017137,6.57885896940048,2000,ISRAEL
3.8054172603478302,4.0,2.427317971167577,5.1835165495280835,1984,S-ARABIA
3.844258679440322,4.0,2.486330735204259,5.202186623676385,1985,S-ARABIA
3.850935481505954,4.0,2.481690954665207,5.220180008346701,1986,S-ARABIA
3.86234468907471,3.0,2.4600775625740807,5.264611815575339,1987,S-ARABIA
3.8310377381206537,5.0,2.3972464463720256,5.264829029869282,1988,S-ARABIA
3.8605685385884994,4.0,2.423147374063823,5.297989703113176,1989,S-ARABIA
3.829218943651539,3.0,2.426898558874632,5.231539328428447,1990,S-ARABIA
3.7848261811752817,4.0,2.4296769687236344,5.139975393626929,1991,S-ARABIA
3.8698878924114557,4.0,2.537505715216273,5.202270069606638,1992,S-ARABIA
4.042548853943404,4.0,2.6907783438864183,5.39431936400039,1993,S-ARABIA
4.095904063246011,4.0,2.6956497174329184,5.496158409059104,1994,S-ARABIA
3.9648493810722476,5.0,2.52652759672939,5.403171165415105,1995,S-ARABIA
3.7537592344343977,4.0,2.316441181497234,5.191077287371561,1996,S-ARABIA
3.609606064224418,3.0,2.205273288923236,5.013938839525601,1997,S-ARABIA
3.377397343397777,3.0,2.0081601061915775,4.746634580603977,1998,S-ARABIA
3.275405731443054,3.0,1.9178300932559083,4.632981369630199,1999,S-ARABIA
3.2989329410185757,3.0,1.9202815629405852,4.6775843190965665,2000,S-ARABIA
2.8122896389940517,3.0,1.4679943314512987,4.156584946536805,1983,KUWAIT
2.727069381183894,3.0,1.4670494650897656,3.9870892972780223,1984,KUWAIT
2.6255682188182625,2.0,1.4224508657412724,3.8286855718952526,1985,KUWAIT
2.5016508686675327,3.0,1.298765454355499,3.7045362829795665,1986,KUWAIT
2.4187277618038014,2.0,1.1594715364926986,3.6779839871149043,1987,KUWAIT
2.446676253589077,2.0,1.104079089618367,3.789273417559787,1988,KUWAIT
3.517130726414956,6.0,2.155526223229439,4.878735229600473,1995,KUWAIT
3.808241054737239,3.0,2.5234549694527932,5.093027140021684,1996,KUWAIT
3.394496580475488,3.0,2.1622461180285564,4.626747042922419,1997,KUWAIT
3.0527326101321326,3.0,1.8227993862666454,4.28266583399762,1998,KUWAIT
2.841420182426538,3.0,1.56178974891504,4.121050615938036,1999,KUWAIT
2.8235994903731867,2.0,1.4645651630319574,4.182633817714416,2000,KUWAIT
3.17802248801297,4.0,1.7001360253376443,4.655908950688295,1983,BAHRAIN
3.016774205128631,3.0,1.5537832509389904,4.479765159318271,1984,BAHRAIN
2.866753277230931,2.0,1.4159655901686374,4.317540964293225,1985,BAHRAIN
2.7552747940548947,3.0,1.3120733046267523,4.198476283483037,1986,BAHRAIN
2.687100280764751,2.0,1.2488339723353465,4.125366589194155,1987,BAHRAIN
2.6477766176527506,3.0,1.2155826378162289,4.079970597489273,1988,BAHRAIN
2.610474097963678,3.0,1.1874454976487148,4.0335026982786415,1989,BAHRAIN
2.571063146725522,2.0,1.1585406595367778,3.9835856339142666,1990,BAHRAIN
2.647566865489174,2.0,1.240658600593867,4.054475130384481,1991,BAHRAIN
2.7486504109669267,3.0,1.3448325909858725,4.1524682309479815,1992,BAHRAIN
3.0284696476480906,2.0,1.6187084575413528,4.438230837754828,1993,BAHRAIN
3.378792530865205,4.0,1.9592323904441622,4.798352671286247,1994,BAHRAIN
3.7165002849377715,5.0,2.287461412055027,5.145539157820516,1995,BAHRAIN
3.852009236811792,3.0,2.4162895148886308,5.287728958734954,1996,BAHRAIN
3.825974014785944,5.0,2.3841390514457133,5.267808978126174,1997,BAHRAIN
3.6759463233235157,3.0,2.22247308474953,5.129419561897501,1998,BAHRAIN
3.5016678947796938,5.0,2.037953341144709,4.965382448414679,1999,BAHRAIN
3.27198405586929,2.0,1.7929677983749486,4.751000313363631,2000,BAHRAIN
0.5461857344319717,0.0,-0.9364718761995471,2.0288433450634904,1983,UN-AR-EM
0.6806979905219398,0.0,-0.7904895079646529,2.1518854890085324,1984,UN-AR-EM
0.9933444695084581,0.0,-0.4687291488396961,2.4554180878566125,1985,UN-AR-EM
1.3597031710443361,3.0,-0.09611926928242198,2.8155256113710943,1986,UN-AR-EM
1.5980288085199157,2.0,0.1472076407721723,3.0488499762676593,1987,UN-AR-EM
1.6995964861793116,1.0,0.2550226390315813,3.144170333327042,1988,UN-AR-EM
1.6112130760953782,2.0,0.17489283114727283,3.047533321043484,1989,UN-AR-EM
1.3983539989728555,2.0,-0.029148610839671463,2.8258566087853825,1990,UN-AR-EM
1.1790871695199838,1.0,-0.2425316558764974,2.6007059949164653,1991,UN-AR-EM
1.0243916174667906,1.0,-0.3978870077471135,2.4466702426806948,1992,UN-AR-EM
1.041848809622128,0.0,-0.3874595430027208,2.4711571622469766,1993,UN-AR-EM
1.225925999029061,1.0,-0.21314855301780744,2.6650005510759294,1994,UN-AR-EM
1.5361797086154472,1.0,0.08678957414238342,2.985569843088511,1995,UN-AR-EM
1.623874359157823,4.0,0.16988805021013165,3.0778606681055143,1996,UN-AR-EM
1.6527607108703006,2.0,0.19405342025251615,3.111468001488085,1997,UN-AR-EM
1.6049526830437333,0.0,0.14093626096620104,3.0689691051212655,1998,UN-AR-EM
1.5772612886155861,1.0,0.10549880211734908,3.049023775113823,1999,UN-AR-EM
1.5967852027046412,3.0,0.11456544860232087,3.0790049568069615,2000,UN-AR-EM
0.5882628667616655,0.0,-0.8951410718253231,2.071666805348654,1983,OMAN
0.5569470398359577,1.0,-0.9164908033963035,2.030384883068219,1984,OMAN
0.559390899698482,0.0,-0.906070574280317,2.024852373677281,1985,OMAN
0.6044923527952517,1.0,-0.8556840881650052,2.0646687937555086,1986,OMAN
0.6676891321731145,0.0,-0.7882778567385015,2.1236561210847307,1987,OMAN
0.7107296410540827,1.0,-0.7393222406229456,2.160781522731111,1988,OMAN
0.7675236472016205,1.0,-0.6737230824198428,2.2087703768230837,1989,OMAN
0.8609860245486666,1.0,-0.5706217405456239,2.292593789642957,1990,OMAN
1.0351096242125046,0.0,-0.3900736528216995,2.4602929012467087,1991,OMAN
1.2510834864449056,1.0,-0.17420873966809958,2.6763757125579106,1992,OMAN
1.4163072875512017,3.0,-0.015629585372688215,2.8482441604750917,1993,OMAN
1.4506831746431204,2.0,0.008891382936064396,2.8924749663501763,1994,OMAN
1.3601046079611825,1.0,-0.09063908114718777,2.810848297069553,1995,OMAN
1.2165021307906623,1.0,-0.24023791957326956,2.673242181154594,1996,OMAN
1.095116771605725,1.0,-0.36578025019362936,2.5560137934050795,1997,OMAN
1.0145108075246723,1.0,-0.4514963452425369,2.4805179602918814,1998,OMAN
0.9534591248349638,2.0,-0.5202931755247096,2.427211425194637,1999,OMAN
0.8815501349273592,0.0,-0.6019770457636368,2.3650773156183553,2000,OMAN
2.42986843734429,3.0,0.9809600963555507,3.8787767783330294,1994,TURKMEN
2.408538704348239,2.0,0.9788924157546139,3.838184992941864,1995,TURKMEN
2.4239892699964414,2.0,1.0051100863365052,3.8428684536563775,1996,TURKMEN
2.9454777072994873,3.0,1.5281331440875483,4.362822270511426,1997,TURKMEN
2.975920578743219,3.0,1.5552102092630957,4.3966309482233425,1998,TURKMEN
2.9617453953282324,4.0,1.5311128101120897,4.392377980544375,1999,TURKMEN
2.8903334619287477,2.0,1.4407754195077251,4.339891504349771,2000,TURKMEN
7.341531032184127,8.0,5.889634750183056,8.793427314185198,1994,TAJIK
7.406930897826667,8.0,5.975930364467761,8.837931431185574,1995,TAJIK
7.228404498679101,7.0,5.809405558384837,8.647403438973365,1996,TAJIK
6.970567058178969,7.0,5.553447313811872,8.387686802546067,1997,TAJIK
6.00531765955927,6.0,4.586576473854137,7.424058845264403,1998,TAJIK
6.112668755504002,7.0,4.68450441718158,7.540833093826423,1999,TAJIK
5.9140192608152535,4.0,4.466849699348127,7.36118882228238,2000,TAJIK
1.4791726319433758,2.0,0.016251877665002024,2.9420933862217495,1994,KYRG
1.7510079543716173,2.0,0.29709592744210833,3.204919981301126,1995,KYRG
1.6188309110684065,1.0,0.16432612691210946,3.0733356952247037,1996,KYRG
1.6956902454396985,1.0,0.23986727454573598,3.1515132163336608,1997,KYRG
1.7558289203240274,2.0,0.30315653645975726,3.2085013041882977,1998,KYRG
1.8056167669243146,2.0,0.35432189727606866,3.2569116365725606,1999,KYRG
1.898014429929876,2.0,0.43806368741393054,3.3579651724458213,2000,KYRG
4.313242360658746,5.0,2.8246763444797063,5.801808376837786,1994,UZBEK
4.758946417124925,3.0,3.2780190788749914,6.239873755374858,1995,UZBEK
4.747855198453303,6.0,3.2717729503628954,6.223937446543711,1996,UZBEK
4.858988100563364,4.0,3.3855689396083646,6.332407261518363,1997,UZBEK
4.9929989643869295,5.0,3.517549629404562,6.468448299369297,1998,UZBEK
5.150169776034322,6.0,3.670641454598634,6.62969809747001,1999,UZBEK
5.1780920416582905,5.0,3.693578122009197,6.662605961307384,2000,UZBEK
2.1632265407654145,2.0,0.6884747666602955,3.6379783148705336,1994,KAZAK
2.1427323994650957,3.0,0.6725896113642118,3.6128751875659795,1995,KAZAK
2.2114114944940884,1.0,0.739150812157656,3.6836721768305205,1996,KAZAK
2.2147950028518375,2.0,0.7428742705484936,3.6867157351551816,1997,KAZAK
2.43611735210846,3.0,0.9635421418735501,3.90869256234337,1998,KAZAK
2.4280311843389057,3.0,0.9568817221321702,3.8991806465456413,1999,KAZAK
2.4075590348317446,2.0,0.9315161520448565,3.8836019176186327,2000,KAZAK
5.313638890050632,6.0,3.848238251041825,6.77903952905944,1983,CHINA
5.178510741675252,4.0,3.740239996670671,6.616781486679833,1984,CHINA
5.156047060778074,5.0,3.7464224218661126,6.565671699690036,1985,CHINA
5.3664604560141065,4.0,3.984569559744937,6.748351352283276,1986,CHINA
5.6572918182399485,6.0,4.2997188073850525,7.0148648290948445,1987,CHINA
5.759815251074345,8.0,4.424679065931139,7.094951436217551,1988,CHINA
5.747692101992319,6.0,4.434924480166454,7.060459723818185,1989,CHINA
5.642340205320578,4.0,4.34634657747453,6.938333833166626,1990,CHINA
5.67933901785385,5.0,4.392445422600202,6.966232613107497,1991,CHINA
5.9030130782717425,5.0,4.615679054834006,7.190347101709479,1992,CHINA
6.119212904305018,8.0,4.82001696466828,7.418408843941755,1993,CHINA
6.315324013947109,8.0,5.0022970919873435,7.628350935906874,1994,CHINA
6.2438050521603365,5.0,4.910434278349729,7.5771758259709445,1995,CHINA
6.040983561514607,6.0,4.684830707079779,7.397136415949435,1996,CHINA
5.832257734121651,6.0,4.45124832413096,7.213267144112342,1997,CHINA
5.694982379757697,6.0,4.286480566290322,7.103484193225071,1998,CHINA
5.634698960243253,5.0,4.196876029236437,7.072521891250069,1999,CHINA
5.61814933243927,6.0,4.152630573930919,7.08366809094762,2000,CHINA
1.197832041543446,1.0,-0.22418238043808136,2.6198464635249734,1992,MONGOLIA
1.2332388289180387,1.0,-0.1333043695010887,2.599782027337166,1993,MONGOLIA
1.2619863041548793,2.0,-0.045343411205162276,2.569316019514921,1994,MONGOLIA
1.4005685317146244,1.0,0.1366086070507173,2.664528456378531,1995,MONGOLIA
1.370181967298516,1.0,0.12687612344767274,2.6134878111493594,1996,MONGOLIA
1.3944290786567008,2.0,0.1335240055377389,2.655334151775663,1997,MONGOLIA
1.4047564152795142,1.0,0.09743423399907591,2.7120785965599525,1998,MONGOLIA
1.3897143324609713,2.0,0.022992940755412805,2.75643572416653,1999,MONGOLIA
1.356648624960474,1.0,-0.06589249610650039,2.7791897460274484,2000,MONGOLIA
3.3967074647419815,2.0,1.916595384950226,4.876819544533737,1983,KOREA-S
3.522516572906067,4.0,2.0500709390533958,4.994962206758738,1984,KOREA-S
3.672451762720852,4.0,2.2045601339333882,5.140343391508315,1985,KOREA-S
3.863160332106136,5.0,2.395296778812261,5.331023885400011,1986,KOREA-S
3.9328990426253454,2.0,2.4668867768688627,5.3989113083818285,1987,KOREA-S
3.420671148319092,4.0,1.955630438061586,4.885711858576598,1988,KOREA-S
3.5774473782852914,4.0,2.1141631737850117,5.040731582785571,1989,KOREA-S
4.133986678916567,5.0,2.6702291582768347,5.597744199556299,1990,KOREA-S
4.0816689023702475,4.0,2.620225215236921,5.543112589503574,1991,KOREA-S
4.005086335874335,4.0,2.54312126951808,5.46705140223059,1992,KOREA-S
3.853419613489922,4.0,2.390081358827556,5.316757868152289,1993,KOREA-S
3.69078148415368,4.0,2.2254078120040592,5.156155156303301,1994,KOREA-S
3.488617633362014,4.0,2.0229309630598413,4.954304303664187,1995,KOREA-S
3.218622513215066,3.0,1.7532554128070879,4.683989613623044,1996,KOREA-S
3.0271926492808383,2.0,1.5622584192612068,4.49212687930047,1997,KOREA-S
2.981788019086995,3.0,1.5153347523729355,4.448241285801054,1998,KOREA-S
3.02003928697426,3.0,1.5484236828974305,4.491654891051089,1999,KOREA-S
3.0613729501574487,3.0,1.5809631602227578,4.54178274009214,2000,KOREA-S
0.7870457468600771,1.0,-0.6913345026156781,2.265425996335832,1983,JAPAN
0.5942819244814044,1.0,-0.8688630680127836,2.0574269169755923,1984,JAPAN
0.4218186009592266,0.0,-1.0258831831399888,1.869520385058442,1985,JAPAN
0.27483431883628273,0.0,-1.1580928631974872,1.7077615008700526,1986,JAPAN
0.19997419919679194,0.0,-1.2192261581209034,1.6191745565144875,1987,JAPAN
0.2103689750078095,0.0,-1.1957515162140009,1.6164894662296199,1988,JAPAN
0.29698701371392866,0.0,-1.096161021768546,1.6901350491964031,1989,JAPAN
0.4849881776694768,1.0,-0.8962946192989834,1.8662709746379371,1990,JAPAN
0.6259985266194865,0.0,-0.7470304809977617,1.9990275342367347,1991,JAPAN
0.6992078186879954,1.0,-0.6746348899446187,2.0730505273206097,1992,JAPAN
0.8654203814260587,1.0,-0.5156873338291351,2.2465280966812524,1993,JAPAN
0.871718687310592,1.0,-0.5212640516923424,2.2647014263135263,1994,JAPAN
0.9584899350053726,1.0,-0.44802324797203785,2.3650031179827833,1995,JAPAN
0.8946153527655456,1.0,-0.5250584252446033,2.3142891307756948,1996,JAPAN
0.9352176419919618,1.0,-0.4982045607003922,2.3686398446843158,1997,JAPAN
0.9112657916382724,1.0,-0.537169068635274,2.359700651911819,1998,JAPAN
0.9472297455626423,1.0,-0.5178137180695598,2.4122732091948444,1999,JAPAN
0.8993769695766316,1.0,-0.5805354144134449,2.3792893535667083,2000,JAPAN
6.354006548213423,6.0,4.901566939014604,7.806446157412243,1983,INDIA
6.205808681663033,6.0,4.774226528042167,7.637390835283899,1984,INDIA
6.7782280766216365,6.0,5.358902911978689,8.197553241264584,1985,INDIA
6.12473097895937,6.0,4.717693808458769,7.531768149459971,1986,INDIA
6.917141746303193,7.0,5.527437619556709,8.306845873049676,1987,INDIA
7.075679642260286,7.0,5.708761387148101,8.44259789737247,1988,INDIA
7.340058506727646,6.0,5.993764809079288,8.686352204376004,1989,INDIA
7.680361442152843,8.0,6.346194227018082,9.014528657287602,1990,INDIA
7.379902725493844,8.0,6.050657707884,8.709147743103689,1991,INDIA
7.646085877042431,8.0,6.316066686205621,8.97610506787924,1992,INDIA
7.795538450208444,8.0,6.458666871310129,9.13241002910676,1993,INDIA
7.83788550895604,8.0,6.48607308303839,9.18969793487369,1994,INDIA
7.81692994999276,8.0,6.4431655686715,9.19069433131402,1995,INDIA
7.762912489223854,8.0,6.367286517776826,9.158538460670883,1996,INDIA
7.691658818141665,8.0,6.281236302788345,9.102081333494985,1997,INDIA
7.600234185311095,8.0,6.180468986665222,9.019999383956968,1998,INDIA
7.496929972674147,7.0,6.064806727670409,8.929053217677884,1999,INDIA
7.397714946778492,8.0,5.945485527679602,8.849944365877382,2000,INDIA
1.0479760443610577,0.0,-0.43205019454888816,2.528002283271004,1983,BHUTAN
0.6825877239573299,0.0,-0.7859110023269751,2.151086450241635,1984,BHUTAN
0.5495278242915291,0.0,-0.9099589093927221,2.0090145579757803,1985,BHUTAN
0.7755784987633991,0.0,-0.67746595991413,2.228622957440928,1986,BHUTAN
1.4511251534387664,0.0,0.0033447612833636953,2.898905545594169,1987,BHUTAN
2.558308797039996,1.0,1.1154343341275286,4.001183259952463,1988,BHUTAN
3.787780515927705,5.0,2.349125621791713,5.226435410063697,1989,BHUTAN
4.7463208121360285,7.0,3.3105524686791794,6.182089155592878,1990,BHUTAN
5.142377049873829,7.0,3.708196951287455,6.5765571484602035,1991,BHUTAN
4.916818347089123,6.0,3.4832137534834917,6.350422940694754,1992,BHUTAN
4.2859132071646115,4.0,2.851500878311334,5.720325536017889,1993,BHUTAN
3.6418693530817308,4.0,2.2029079535836624,5.080830752579799,1994,BHUTAN
3.07370553556879,2.0,1.631570919340036,4.515840151797544,1995,BHUTAN
2.8470661546043807,3.0,1.3990580311724627,4.2950742780362985,1996,BHUTAN
2.879212288738213,3.0,1.4261001243893003,4.332324453087126,1997,BHUTAN
2.9125938592106086,3.0,1.4530640402458428,4.372123678175375,1998,BHUTAN
2.899430133562188,4.0,1.4309487310987088,4.367911536025668,1999,BHUTAN
2.819770438056637,2.0,1.34001884033652,4.299522035776754,2000,BHUTAN
5.444734634818823,7.0,3.970421876683769,6.9190473929538765,1983,PAKISTAN
5.078071678737557,4.0,3.616128414664547,6.540014942810568,1984,PAKISTAN
4.7186630763708255,4.0,3.262304287550141,6.1750218651915105,1985,PAKISTAN
4.546166214805913,4.0,3.09035800668962,6.001974422922206,1986,PAKISTAN
4.790047516450144,3.0,3.335409783281248,6.244685249619041,1987,PAKISTAN
4.450211213271878,5.0,3.0018262966597407,5.898596129884015,1988,PAKISTAN
4.858924332535796,6.0,3.4179270894086624,6.29992157566293,1989,PAKISTAN
5.218158098154293,5.0,3.7827728411222106,6.653543355186376,1990,PAKISTAN
5.379670337044058,5.0,3.9478639047796085,6.811476769308508,1991,PAKISTAN
5.448945373100272,6.0,4.018139469755889,6.8797512764446545,1992,PAKISTAN
5.4941647570271535,5.0,4.061441389712688,6.926888124341619,1993,PAKISTAN
6.176988766403355,7.0,4.735990300857001,7.617987231949709,1994,PAKISTAN
6.195490193603732,6.0,4.747459222053963,7.6435211651535,1995,PAKISTAN
5.559043914324561,6.0,4.108052362001881,7.010035466647241,1996,PAKISTAN
5.586160237283286,5.0,4.131902708633573,7.0404177659329985,1997,PAKISTAN
5.601674654247902,6.0,4.144784622093772,7.058564686402033,1998,PAKISTAN
6.2405442503496635,7.0,4.777062153812857,7.7040263468864705,1999,PAKISTAN
6.164907657249998,6.0,4.691084929651505,7.638730384848491,2000,PAKISTAN
3.8634517230325702,3.0,2.3822537451012185,5.344649700963922,1983,BANGLAD
3.76984576188193,4.0,2.2983275149612528,5.241364008802607,1984,BANGLAD
3.7451088052226,3.0,2.2817673165942836,5.208450293850916,1985,BANGLAD
3.850632521932285,4.0,2.3939210115330853,5.307344032331485,1986,BANGLAD
3.9860856057654512,4.0,2.533304471053594,5.438866740477309,1987,BANGLAD
4.227339338538797,3.0,2.7751186293978085,5.679560047679785,1988,BANGLAD
4.486203435796234,5.0,3.0345830974734493,5.937823774119019,1989,BANGLAD
4.806434567814572,4.0,3.35790257607546,6.254966559553683,1990,BANGLAD
4.3906535296079445,7.0,2.945565790952333,5.835741268263556,1991,BANGLAD
4.516721961264544,3.0,3.073275224075883,5.960168698453205,1992,BANGLAD
4.604321192373985,5.0,3.1584953013871915,6.050147083360779,1993,BANGLAD
4.580443388351623,5.0,3.1338707214397403,6.0270160552635055,1994,BANGLAD
4.482941468658291,5.0,3.0339449013687734,5.931938035947809,1995,BANGLAD
4.514503590149115,4.0,3.0652772595448923,5.963729920753337,1996,BANGLAD
4.492809998182523,5.0,3.038619609128816,5.94700038723623,1997,BANGLAD
4.528105571015046,4.0,3.0653961858260494,5.9908149562040425,1998,BANGLAD
4.391249865090649,6.0,2.917717563050737,5.864782167130562,1999,BANGLAD
4.723092359447317,4.0,3.239724409056505,6.206460309838128,2000,BANGLAD
7.738848139841566,7.0,6.2633585444397255,9.214337735243406,1983,SRI-LAN
7.115080771302845,8.0,5.655404842276173,8.574756700329518,1984,SRI-LAN
7.0975799721005455,7.0,5.647855883378996,8.547304060822094,1985,SRI-LAN
7.055078936639353,8.0,5.608972560161055,8.50118531311765,1986,SRI-LAN
7.70578248534474,6.0,6.257322035724845,9.154242934964634,1987,SRI-LAN
7.7687251162232265,8.0,6.322220337162542,9.21522989528391,1988,SRI-LAN
7.858150755766946,8.0,6.415210796146303,9.30109071538759,1989,SRI-LAN
7.233174775456082,8.0,5.795226636744188,8.671122914167976,1990,SRI-LAN
7.182026790184587,8.0,5.745988602491338,8.618064977877834,1991,SRI-LAN
7.045902738519669,6.0,5.607377086275091,8.484428390764249,1992,SRI-LAN
7.015625354605026,6.0,5.572165190609283,8.45908551860077,1993,SRI-LAN
7.175660682268377,8.0,5.727290983446245,8.624030381090508,1994,SRI-LAN
7.1989496091788485,8.0,5.747204716979994,8.650694501377703,1995,SRI-LAN
7.159029855978722,7.0,5.706495790774983,8.611563921182462,1996,SRI-LAN
7.050616132703725,7.0,5.5987615328605544,8.502470732546897,1997,SRI-LAN
6.932877542350562,6.0,5.478177810262919,8.387577274438206,1998,SRI-LAN
6.850804814447486,8.0,5.387553838088843,8.314055790806128,1999,SRI-LAN
6.814698966595249,6.0,5.339949379068533,8.289448554121964,2000,SRI-LAN
2.66606688316375,2.0,1.1872750993485102,4.1448586669789895,1983,NEPAL
2.484709010618025,2.0,1.0155775824773041,3.9538404387587462,1984,NEPAL
2.556331258877865,1.0,1.093939693713013,4.018722824042717,1985,NEPAL
2.8915159919260143,3.0,1.4334835698225923,4.349548414029436,1986,NEPAL
3.4599568184368596,3.0,2.0041973673255815,4.915716269548138,1987,NEPAL
3.89624117739051,4.0,2.4459156912707325,5.346566663510288,1988,NEPAL
4.2129169137244835,5.0,2.765864677346748,5.659969150102219,1989,NEPAL
4.282787508467651,5.0,2.83427024614647,5.731304770788832,1990,NEPAL
4.389772143951832,4.0,2.942266032049009,5.837278255854654,1991,NEPAL
3.9258007600149685,5.0,2.4784162043386395,5.373185315691297,1992,NEPAL
3.538961501863677,2.0,2.090994052656549,4.986928951070805,1993,NEPAL
3.519623674875522,3.0,2.0698610768823817,4.969386272868662,1994,NEPAL
3.8821983278392564,2.0,2.4287368166191703,5.335659839059343,1995,NEPAL
4.589311089852309,5.0,3.131024368590462,6.047597811114156,1996,NEPAL
5.401391162122513,7.0,3.938650723567982,6.8641316006770445,1997,NEPAL
6.04852303572083,6.0,4.5814518308257774,7.515594240615883,1998,NEPAL
5.680501712316127,7.0,4.206343294497,7.154660130135255,1999,NEPAL
5.594674618329234,7.0,4.112949257826502,7.076399978831967,2000,NEPAL
2.93570186994209,3.0,1.4597813377799924,4.411622402104188,1983,THAILAND
2.9130673355180132,2.0,1.4511020305407893,4.375032640495237,1984,THAILAND
3.0327456134268345,3.0,1.5821020024182966,4.483389224435372,1985,THAILAND
3.3497101317230595,3.0,1.9034003047969208,4.7960199586491985,1986,THAILAND
3.6220565751706215,4.0,2.179324663798199,5.064788486543044,1987,THAILAND
3.9454388240393934,4.0,2.501006912790058,5.389870735288729,1988,THAILAND
4.185120294465267,5.0,2.7378694049012484,5.632371184029285,1989,THAILAND
4.275347454501349,4.0,2.8257738367025795,5.724921072300118,1990,THAILAND
4.178192516285822,5.0,2.727222585817072,5.629162446754572,1991,THAILAND
3.230339307410726,4.0,1.7788446805518259,4.681833934269626,1992,THAILAND
2.815876195233918,3.0,1.365696445170596,4.26605594529724,1993,THAILAND
2.4381632382635385,1.0,0.9905703718752186,3.8857561046518585,1994,THAILAND
2.093158433823495,3.0,0.6483423666346033,3.5379745010123873,1995,THAILAND
1.9311689046036906,1.0,0.4871085137401434,3.375229295467238,1996,THAILAND
2.384718824717768,2.0,0.9385802702530961,3.83085737918244,1997,THAILAND
2.567428172527198,2.0,1.1127074528871301,4.022148892167266,1998,THAILAND
2.9136472103183126,3.0,1.450104760462836,4.377189660173789,1999,THAILAND
3.1590340694226784,4.0,1.6815989441949328,4.636469194650424,2000,THAILAND
6.146981396338519,7.0,4.779258808568111,7.514703984108927,1993,KAMPUCH
6.2576865287632435,6.0,4.953391414423498,7.561981643102989,1994,KAMPUCH
6.28642341477245,6.0,5.0361568244982315,7.536690005046669,1995,KAMPUCH
6.240625790034935,6.0,5.024350920671929,7.456900659397941,1996,KAMPUCH
6.045133367006607,8.0,4.827209756549001,7.263056977464213,1997,KAMPUCH
5.055920229151261,5.0,3.8029344656291957,6.308905992673326,1998,KAMPUCH
4.666953174242685,4.0,3.3608861820574285,5.973020166427941,1999,KAMPUCH
4.339189564039489,3.0,2.984137832093312,5.694241295985666,2000,KAMPUCH
3.377344567490955,4.0,1.9585300746564611,4.796159060325449,1984,LAO
3.4886980630073032,3.0,2.1197877687837448,4.857608357230862,1985,LAO
3.4875720409017976,5.0,2.177547588495441,4.797596493308154,1986,LAO
3.3513262313326386,3.0,2.0986459948070877,4.60400646785819,1987,LAO
3.071162556695769,3.0,1.868509470234256,4.273815643157283,1988,LAO
2.661726182561029,4.0,1.4967134599351342,3.8267389051869243,1989,LAO
2.241750340687182,1.0,1.09808974153928,3.3854109398350842,1990,LAO
1.8681817190318633,1.0,0.7363423278117476,3.000021110251979,1991,LAO
1.5660861800682542,2.0,0.4380565460079662,2.6941158141285424,1992,LAO
1.364200203971238,1.0,0.22843015325759253,2.499970254684883,1993,LAO
1.302521765943022,1.0,0.15309146961025188,2.451952062275792,1994,LAO
1.4518847750374901,0.0,0.2821564461560142,2.621613103918966,1995,LAO
1.8314887980096115,1.0,0.6271665357286009,3.035811060290622,1996,LAO
2.360980519290986,3.0,1.109144185958292,3.6128168526236797,1997,LAO
2.9458265909298733,3.0,1.6360976313776248,4.255555550482121,1998,LAO
3.2390234343529483,4.0,1.8712112389107525,4.606835629795144,1999,LAO
3.419655365355858,4.0,2.001221113417052,4.838089617294664,2000,LAO
2.354818642094232,2.0,0.8746056398458435,3.83503164434262,1983,MALAYSIA
2.344484636250777,2.0,0.8730037246580795,3.8159655478434744,1984,MALAYSIA
2.454889344632198,2.0,0.9882076243874933,3.9215710648769027,1985,MALAYSIA
2.6477466855704104,3.0,1.1825469282055556,4.112946442935265,1986,MALAYSIA
2.9213726982758597,3.0,1.4571516238379603,4.385593772713759,1987,MALAYSIA
3.07479406000514,2.0,1.6135277001878487,4.536060419822432,1988,MALAYSIA
3.051010411685515,5.0,1.5949403666233932,4.507080456747636,1989,MALAYSIA
2.954391377303528,3.0,1.5034079107321576,4.405374843874899,1990,MALAYSIA
2.7746780606695123,2.0,1.326953065630953,4.222403055708072,1991,MALAYSIA
2.5909722694157593,2.0,1.143522785303452,4.038421753528066,1992,MALAYSIA
2.4586868087252105,3.0,1.0085794717483427,3.9087941457020783,1993,MALAYSIA
2.4747078913654406,3.0,1.0193131284969137,3.930102654233967,1994,MALAYSIA
2.4895502094126534,1.0,1.0293708084842592,3.9497296103410475,1995,MALAYSIA
2.76195596299605,3.0,1.2996488657881744,4.224263060203926,1996,MALAYSIA
3.079192920932318,3.0,1.6153163959155141,4.543069445949122,1997,MALAYSIA
3.4124368970542456,3.0,1.946862872517498,4.8780109215909935,1998,MALAYSIA
3.582683987571979,6.0,2.1120654403406167,5.053302534803342,1999,MALAYSIA
3.5546265508535555,3.0,2.0746724352819053,5.034580666425206,2000,MALAYSIA
1.5180674790176623,2.0,0.04392454135549828,2.9922104166798262,1983,SINGAPOR
1.4604824407826211,1.0,-0.002036887803798848,2.923001769369041,1984,SINGAPOR
1.454455403569359,1.0,-0.0021897616061565817,2.9111005687448746,1985,SINGAPOR
1.4801869012271953,2.0,0.02384296095493421,2.936530841499456,1986,SINGAPOR
1.5570048052352037,1.0,0.10004795900043795,3.0139616514699696,1987,SINGAPOR
1.5206324656737589,2.0,0.06589825249208281,2.975366678855435,1988,SINGAPOR
1.3522684721148304,2.0,-0.09619421389288152,2.8007311581225425,1989,SINGAPOR
1.2141037911628818,0.0,-0.22611223455205387,2.6543198168778175,1990,SINGAPOR
1.137573653417408,2.0,-0.29617615381424023,2.5713234606490563,1991,SINGAPOR
1.2097575503873201,0.0,-0.2224323259380221,2.6419474267126626,1992,SINGAPOR
1.4297722060790952,1.0,-0.006002415298362651,2.865546827456553,1993,SINGAPOR
1.721532895680169,2.0,0.27946815234334044,3.1635976390169978,1994,SINGAPOR
2.0064727372566473,3.0,0.559148540830916,3.4537969336823786,1995,SINGAPOR
2.0658856391611504,3.0,0.616053356037876,3.515717922284425,1996,SINGAPOR
1.9598390398183374,1.0,0.509227230201553,3.410450849435122,1997,SINGAPOR
1.790765412592713,2.0,0.33811728540188346,3.2434135397835426,1998,SINGAPOR
1.606784284091739,2.0,0.1465270767631932,3.0670414914202846,1999,SINGAPOR
1.476059901793023,1.0,0.0022993893470828475,2.949820414238963,2000,SINGAPOR
6.623606958768636,7.0,5.151377024959203,8.095836892578069,1983,PHILIPPI
6.68665148758583,7.0,5.229862677447968,8.143440297723693,1984,PHILIPPI
6.8322305596943655,5.0,5.389003670433287,8.275457448955445,1985,PHILIPPI
7.441571771608123,8.0,6.008690131144235,8.874453412072011,1986,PHILIPPI
6.798173149526578,8.0,5.374470369509726,8.22187592954343,1987,PHILIPPI
6.649142478760962,8.0,5.229101121249223,8.0691838362727,1988,PHILIPPI
6.198792364111862,5.0,4.782462341338391,7.615122386885332,1989,PHILIPPI
5.808016383751955,5.0,4.392025621423644,7.2240071460802655,1990,PHILIPPI
5.610679282129936,6.0,4.19364886635916,7.027709697900711,1991,PHILIPPI
5.738998933003938,4.0,4.317698336461016,7.160299529546859,1992,PHILIPPI
5.285813844106368,5.0,3.8621019226506705,6.7095257655620655,1993,PHILIPPI
5.6391560127277485,7.0,4.213663204717549,7.064648820737948,1994,PHILIPPI
5.850252775242755,6.0,4.423055868717579,7.27744968176793,1995,PHILIPPI
5.9685005503235855,6.0,4.53758323899081,7.399417861656361,1996,PHILIPPI
6.0621307092681915,5.0,4.623921915109216,7.500339503427167,1997,PHILIPPI
6.181812683579155,6.0,4.7330875360567655,7.630537831101544,1998,PHILIPPI
6.278190014229139,8.0,4.817052060518208,7.739327967940071,1999,PHILIPPI
6.2955131793976395,6.0,4.821036072441313,7.769990286353966,2000,PHILIPPI
5.96353160152985,7.0,4.486604365544214,7.440458837515485,1983,INDONES
5.468734196847877,5.0,4.000095485094347,6.937372908601407,1984,INDONES
5.186787216504164,3.0,3.722247875061007,6.65132655794732,1985,INDONES
5.0916523009693515,6.0,3.6264300679429113,6.556874533995792,1986,INDONES
5.33020305850994,4.0,3.865323797070153,6.795082319949727,1987,INDONES
5.773733252048654,4.0,4.313550469700988,7.23391603439632,1988,INDONES
6.332080725382763,8.0,4.878876774462867,7.785284676302659,1989,INDONES
6.700738565329253,7.0,5.252926742041495,8.14855038861701,1990,INDONES
6.801089538620455,8.0,5.355184027069841,8.24699505017107,1991,INDONES
6.532674287402329,7.0,5.087433020069341,7.977915554735317,1992,INDONES
6.3735972174421756,5.0,4.927675817198779,7.819518617685572,1993,INDONES
6.373131571080152,5.0,4.9230335719005165,7.823229570259787,1994,INDONES
6.641512255663697,7.0,5.185104306902375,8.09792020442502,1995,INDONES
7.039118340034813,8.0,5.577700758835354,8.500535921234272,1996,INDONES
7.303483901195523,8.0,5.838571870093042,8.768395932298002,1997,INDONES
7.58594529691581,8.0,6.121717764207272,9.050172829624348,1998,INDONES
6.840539247454306,7.0,5.371379331132211,8.3096991637764,1999,INDONES
6.624959733008414,7.0,5.146542646359094,8.103376819657733,2000,INDONES
0.38717942565687946,0.0,-1.0981106419836708,1.8724694932974297,1983,AUSTRAL
0.44650077678834355,0.0,-1.0309025468766955,1.9239041004533826,1984,AUSTRAL
0.5933102019228672,1.0,-0.8782029517998652,2.0648233556455997,1985,AUSTRAL
0.7787153750154081,0.0,-0.6896296643557567,2.247060414386573,1986,AUSTRAL
0.9231145912118625,2.0,-0.5446281947416466,2.3908573771653714,1987,AUSTRAL
0.982468034331441,1.0,-0.48626491059781396,2.451200979260696,1988,AUSTRAL
1.0219346682851127,1.0,-0.446632041128165,2.4905013776983904,1989,AUSTRAL
0.9447909439622424,1.0,-0.5213079900601463,2.410889877984631,1990,AUSTRAL
0.8623632060671876,1.0,-0.601698666786915,2.3264250789212904,1991,AUSTRAL
0.8012419718808268,0.0,-0.6634269840875167,2.2659109278491703,1992,AUSTRAL
0.8343742087334499,2.0,-0.6326189494101874,2.3013673668770873,1993,AUSTRAL
0.8364484014403636,0.0,-0.6316855279760806,2.3045823308568076,1994,AUSTRAL
0.8616886266581072,1.0,-0.6058093956899615,2.329186649006176,1995,AUSTRAL
0.899695469841669,1.0,-0.566589560356815,2.365980500040153,1996,AUSTRAL
0.9338618828646126,1.0,-0.5328214808773413,2.4005452466065664,1997,AUSTRAL
0.9507312692659988,1.0,-0.5192965313492883,2.420759069881286,1998,AUSTRAL
0.9472901457027757,1.0,-0.5292925274149974,2.423872818820549,1999,AUSTRAL
0.9273675994340629,1.0,-0.557961104135344,2.41269630300347,2000,AUSTRAL
1.314112158494727,0.0,0.27547436741488696,2.352749949574567,1985,PAPUA-NG
1.4697262833214586,0.0,0.5575994647829231,2.381853101859994,1986,PAPUA-NG
2.069498928091156,1.0,1.1950126378400479,2.943985218342265,1987,PAPUA-NG
2.959906632105204,3.0,2.087359927543014,3.8324533366673936,1988,PAPUA-NG
3.851444707317622,5.0,2.981675292207771,4.721214122427473,1989,PAPUA-NG
4.514882984554584,6.0,3.6372566577397722,5.392509311369395,1990,PAPUA-NG
4.62913970562975,5.0,3.753157725979389,5.50512168528011,1991,PAPUA-NG
4.477905362155407,6.0,3.605905998930396,5.3499047253804175,1992,PAPUA-NG
4.188575419498147,3.0,3.3151356436592807,5.062015195337013,1993,PAPUA-NG
3.9219849236216358,3.0,3.043536359390681,4.80043348785259,1994,PAPUA-NG
3.6863781438922025,6.0,2.8112530673874376,4.561503220396967,1995,PAPUA-NG
3.458858842666766,4.0,2.581669086733113,4.336048598600419,1996,PAPUA-NG
3.1662620202206626,2.0,2.2860353314255817,4.046488709015744,1997,PAPUA-NG
2.861798384912744,3.0,1.9844604901847456,3.739136279640743,1998,PAPUA-NG
2.7206158599502785,2.0,1.8058901265122567,3.6353415933883007,1999,PAPUA-NG
2.729749105994865,3.0,1.688604940721795,3.770893271267935,2000,PAPUA-NG
0.3954583227629057,0.0,-1.0796872328408007,1.8706038783666123,1983,FIJI
0.7204025692036924,0.0,-0.7453942586420998,2.1861993970494846,1984,FIJI
1.1631236864331602,0.0,-0.29837970167730465,2.624627074543625,1985,FIJI
1.4798759500954244,5.0,0.019527716673228168,2.9402241835176204,1986,FIJI
2.198432854789485,2.0,0.7402191934897826,3.6566465160891872,1987,FIJI
1.92070613129502,2.0,0.46701655453312974,3.3743957080569102,1988,FIJI
1.4474314418229408,2.0,0.00014746886795125036,2.8947154147779304,1989,FIJI
0.9802760583833146,0.0,-0.4599412819247375,2.4204933986913666,1990,FIJI
0.6637165944536273,0.0,-0.7713834716153972,2.098816660522652,1991,FIJI
0.5115931508292337,1.0,-0.9231813960365796,1.946367697695047,1992,FIJI
0.5174601395697285,0.0,-0.9221834517404011,1.957103730879858,1993,FIJI
0.6156511851271671,0.0,-0.8314484141873373,2.0627507844416715,1994,FIJI
0.7665681353256644,1.0,-0.687231826740005,2.220368097391334,1995,FIJI
0.9326269995519568,1.0,-0.5254932123312334,2.390747211435147,1996,FIJI
1.105428748350643,1.0,-0.35502802270865974,2.565885519409946,1997,FIJI
1.321980023754238,1.0,-0.14036627949499647,2.7843263270034724,1998,FIJI
0.7725764358315232,1.0,-0.6963279691259578,2.2414808407890043,1999,FIJI
1.516970821169421,2.0,0.04112402600496723,2.992817616333875,2000,FIJI
